{
    "useColorAsBaseTerrain": "false",
    "fallbackTileSet": "FantasyHex",
    "ruleVariants": {

        //forest and jungle
        "Grassland+Forest": ["Grassland","ForestG"],
        "Grassland+Jungle": ["Grassland","JungleG"],
        "Grassland+Hill+Forest": ["Grassland+Hill","ForestGH"],
        "Grassland+Hill+Jungle": ["Grassland+Hill","JungleG"],
        "Plains+Forest": ["Plains","ForestP"],
        "Plains+Jungle": ["Plains","JungleP"],
        "Plains+Hill+Forest": ["Plains+Hill","ForestPH"],
        "Plains+Hill+Jungle": ["Plains+Hill","JungleP"],
        "Tundra+Forest": ["Tundra","ForestT"],
        "Tundra+Hill+Forest": ["Tundra+Hill","ForestTH"],

	//Barbarian encampment
	"Tundra+Forest+Barbarian encampment": ["Tundra","ForestTUp","Barbarian encampmentT", "ForestTLow"],
	"Tundra+Hill+Barbarian encampment": ["Tundra+Hill","Barbarian encampmentT"],
	"Tundra+Hill+Forest+Barbarian encampment": ["Tundra+Hill","ForestTUp","Barbarian encampmentT","ForestTLow"],
	"Tundra+Barbarian encampment": ["Tundra","Barbarian encampmentT"],
	"Grassland+Forest+Barbarian encampment": ["Grassland","ForestGUp","Barbarian encampment", "ForestGLow"],
	"Grassland+Jungle+Barbarian encampment": ["Grassland","JungleGUp","Barbarian encampment", "JungleGLow"],
	"Grassland+Hill+Barbarian encampment": ["Grassland+Hill","Barbarian encampment"],
	"Grassland+Hill+Forest+Barbarian encampment": ["Grassland+Hill","ForestGHUp","Barbarian encampment","ForestGHLow"],
	"Plains+Forest+Barbarian encampment": ["Plains","ForestPUp","Barbarian encampment", "ForestPLow"],
	"Plains+Jungle+Barbarian encampment": ["Plains","JunglePUp","Barbarian encampment", "JunglePLow"],
	"Plains+Hill+Barbarian encampment": ["Plains+Hill","Barbarian encampment"],
	"Plains+Hill+Forest+Barbarian encampment": ["Plains+Hill","ForestPHUp","Barbarian encampment","ForestPHLow"],
	"Snow+Barbarian encampment": ["Snow","Barbarian encampmentT"],
	"Snow+Hill+Barbarian encampment": ["Snow+Hill","Barbarian encampmentT"],
	"Desert+Barbarian encampment": ["Desert","Barbarian encampment"],
	"Desert+Flood plains+Barbarian encampment": ["Desert","Flood plains","Barbarian encampment"],
	"Desert+Hill+Barbarian encampment": ["Desert+Hill","Barbarian encampment"],

	//Ancient ruins
	"Tundra+Forest+Ancient ruins": ["Tundra","ForestTUp","RuinsT", "ForestTLow"],
	"Tundra+Hill+Ancient ruins": ["Tundra+Hill","RuinsT"],
	"Tundra+Hill+Forest+Ancient ruins": ["Tundra+Hill","ForestTUp","RuinsT","ForestTLow"],
	"Tundra+Ancient ruins": ["Tundra","RuinsT"],
	"Grassland+Forest+Ancient ruins": ["Grassland","ForestGUp","RuinsG", "ForestGLow"],
	"Grassland+Jungle+Ancient ruins": ["Grassland","JungleGUp","RuinsG", "JungleGLow"],
	"Grassland+Hill+Ancient ruins": ["Grassland+Hill","RuinsG"],
	"Grassland+Ancient ruins": ["Grassland","RuinsG"],
	"Grassland+Hill+Forest+Ancient ruins": ["Grassland+Hill","ForestGHUp","RuinsG","ForestGHLow"],
	"Plains+Forest+Ancient ruins": ["Plains","ForestPUp","RuinsG", "ForestPLow"],
	"Plains+Jungle+Ancient ruins": ["Plains","JunglePUp","RuinsG", "JunglePLow"],
	"Plains+Hill+Ancient ruins": ["Plains+Hill","RuinsG"],
	"Plains+Ancient ruins": ["Plains","RuinsG"],
	"Plains+Hill+Forest+Ancient ruins": ["Plains+Hill","ForestPHUp","RuinsG","ForestPHLow"],
	"Snow+Ancient ruins": ["Snow","RuinsT"],
	"Snow+Hill+Ancient ruins": ["Snow+Hill","RuinsT"],
	"Desert+Ancient ruins": ["Desert","RuinsD"],
	"Desert+Flood plains+Ancient ruins": ["Desert","Flood plains","RuinsD"],
	"Desert+Hill+Ancient ruins": ["Desert+Hill","RuinsD"],

	//Truffles
	"Tundra+Forest+Truffles": ["Tundra","ForestTUp","Truffles", "ForestTLow"],
	"Tundra+Hill+Forest+Truffles": ["Tundra+Hill","ForestTUp","Truffles","ForestTLow"],
	"Grassland+Forest+Truffles": ["Grassland","ForestGUp","Truffles", "ForestGLow"],
	"Grassland+Jungle+Truffles": ["Grassland","JungleGUp","Truffles", "JungleGLow"],
	"Grassland+Hill+Forest+Truffles": ["Grassland+Hill","ForestGHUp","Truffles","ForestGHLow"],
	"Plains+Forest+Truffles": ["Plains","ForestPUp","Truffles", "ForestPLow"],
	"Plains+Jungle+Truffles": ["Plains","JunglePUp","Truffles", "JunglePLow"],
	"Plains+Hill+Forest+Truffles": ["Plains+Hill","ForestPHUp","Truffles","ForestPHLow"],
	"Tundra+Forest+Truffles+Camp": ["Tundra","ForestTUp","Truffles+CampT", "ForestTLow"],
	"Tundra+Hill+Forest+Truffles+Camp": ["Tundra+Hill","ForestTUp","Truffles+CampT","ForestTLow"],
	"Grassland+Forest+Truffles+Camp": ["Grassland","ForestGUp","Truffles+Camp", "ForestGLow"],
	"Grassland+Jungle+Truffles+Camp": ["Grassland","JungleGUp","Truffles+Camp", "JungleGLow"],
	"Grassland+Hill+Forest+Truffles+Camp": ["Grassland+Hill","ForestGHUp","Truffles+Camp","ForestGHLow"],
	"Plains+Forest+Truffles+Camp": ["Plains","ForestPUp","Truffles+Camp", "ForestPLow"],
	"Plains+Jungle+Truffles+Camp": ["Plains","JunglePUp","Truffles+Camp", "JunglePLow"],
	"Plains+Hill+Forest+Truffles+Camp": ["Plains+Hill","ForestPHUp","Truffles+Camp","ForestPHLow"],
	"Tundra+Truffles+Camp": ["Tundra", "Truffles+CampT"],

	//Furs
	"Tundra+Furs": ["Tundra", "FursT"],
	"Tundra+Forest+Furs": ["Tundra","ForestTUp","FursT", "ForestTLow"],
	"Tundra+Hill+Forest+Furs": ["Tundra+Hill","ForestTUp","FursT","ForestTLow"],
	"Grassland+Forest+Furs": ["Grassland","ForestGUp","Furs", "ForestGLow"],
	"Grassland+Hill+Forest+Furs": ["Grassland+Hill","ForestGHUp","Furs","ForestGHLow"],
	"Plains+Forest+Furs": ["Plains","ForestPUp","Furs", "ForestPLow"],
	"Plains+Hill+Forest+Furs": ["Plains+Hill","ForestPHUp","Furs","ForestPHLow"],
	"Tundra+Furs+Camp": ["Tundra", "FursT+Camp"],
	"Tundra+Forest+Furs+Camp": ["Tundra","ForestTUp","FursT+Camp", "ForestTLow"],
	"Tundra+Hill+Forest+Furs+Camp": ["Tundra+Hill","ForestTUp","FursT+Camp","ForestTLow"],
	"Grassland+Forest+Furs+Camp": ["Grassland","ForestGUp","Furs+Camp", "ForestGLow"],
	"Grassland+Hill+Forest+Furs+Camp": ["Grassland+Hill","ForestGHUp","Furs+Camp","ForestGHLow"],
	"Plains+Forest+Furs+Camp": ["Plains","ForestPUp","Furs+Camp", "ForestPLow"],
	"Plains+Hill+Forest+Furs+Camp": ["Plains+Hill","ForestPHUp","Furs+Camp","ForestPHLow"],

	//Deer
	"Tundra+Forest+Deer": ["Tundra","ForestTUp","Deer", "ForestTLow"],
	"Tundra+Hill+Forest+Deer": ["Tundra+Hill","ForestTUp","Deer","ForestTLow"],
	"Grassland+Forest+Deer": ["Grassland","ForestGUp","Deer", "ForestGLow"],
	"Grassland+Hill+Forest+Deer": ["Grassland+Hill","ForestGHUp","Deer","ForestGHLow"],
	"Plains+Forest+Deer": ["Plains","ForestPUp","Deer", "ForestPLow"],
	"Plains+Hill+Forest+Deer": ["Plains+Hill","ForestPHUp","Deer","ForestPHLow"],
	"Tundra+Forest+Deer+Camp": ["Tundra","ForestTUp","Deer+CampT", "ForestTLow"],
	"Tundra+Hill+Forest+Deer+Camp": ["Tundra+Hill","ForestTUp","Deer+CampT","ForestTLow"],
	"Grassland+Forest+Deer+Camp": ["Grassland","ForestGUp","Deer+Camp", "ForestGLow"],
	"Grassland+Hill+Forest+Deer+Camp": ["Grassland+Hill","ForestGHUp","Deer+Camp","ForestGHLow"],
	"Plains+Forest+Deer+Camp": ["Plains","ForestPUp","Deer+Camp", "ForestPLow"],
	"Plains+Hill+Forest+Deer+Camp": ["Plains+Hill","ForestPHUp","Deer+Camp","ForestPHLow"],
	"Tundra+Deer+Camp": ["Tundra", "Deer+CampT"],

	//Aluminum
	"Tundra+Forest+Aluminum": ["Tundra","Aluminum", "ForestT"],
	"Tundra+Hill+Forest+Aluminum": ["Tundra+Hill","Aluminum","ForestT"],
	"Grassland+Jungle+Aluminum": ["Grassland","Aluminum", "JungleG"],
	"Grassland+Hill+Forest+Aluminum": ["Grassland+Hill","Aluminum","ForestGH"],
	"Plains+Jungle+Aluminum": ["Plains","Aluminum", "JungleP"],
	"Plains+Hill+Forest+Aluminum": ["Plains+Hill","Aluminum","ForestPH"],

	//Coal
	"Tundra+Forest+Coal": ["Tundra","Coal", "ForestT"],
	"Tundra+Hill+Forest+Coal": ["Tundra+Hill","Coal","ForestT"],
	"Grassland+Forest+Coal": ["Grassland","Coal", "ForestG"],
	"Grassland+Jungle+Coal": ["Grassland","Coal", "JungleG"],
	"Grassland+Hill+Forest+Coal": ["Grassland+Hill","Coal","ForestGH"],
	"Plains+Forest+Coal": ["Plains","Coal", "ForestP"],
	"Plains+Jungle+Coal": ["Plains","Coal", "JungleP"],
	"Plains+Hill+Forest+Coal": ["Plains+Hill","Coal","ForestPH"],
	"Grassland+Marsh+Coal": ["Grassland", "Coal", "Marsh"],


	//Copper
	"Tundra+Forest+Copper": ["Tundra","Copper", "ForestT"],
	"Tundra+Hill+Forest+Copper": ["Tundra+Hill","Copper","ForestT"],
	"Grassland+Forest+Copper": ["Grassland","Copper", "ForestG"],
	"Grassland+Jungle+Copper": ["Grassland","Copper", "JungleG"],
	"Grassland+Hill+Forest+Copper": ["Grassland+Hill","Copper","ForestGH"],
	"Plains+Forest+Copper": ["Plains","Copper", "ForestP"],
	"Plains+Jungle+Copper": ["Plains","Copper", "JungleP"],

	//Gems
	"Tundra+Forest+Gems": ["Tundra","Gems", "ForestT"],
	"Tundra+Hill+Forest+Gems": ["Tundra+Hill","Gems","ForestT"],
	"Grassland+Forest+Gems": ["Grassland","Gems", "ForestG"],
	"Grassland+Jungle+Gems": ["Grassland","Gems", "JungleG"],
	"Grassland+Hill+Forest+Gems": ["Grassland+Hill","Gems","ForestGH"],
	"Plains+Forest+Gems": ["Plains","Gems", "ForestP"],
	"Plains+Jungle+Gems": ["Plains","Gems", "JungleP"],

	//Gold Ore
	"Tundra+Forest+Gold Ore": ["Tundra","Gold Ore", "ForestT"],
	"Tundra+Hill+Forest+Gold Ore": ["Tundra+Hill","Gold Ore","ForestT"],
	"Grassland+Forest+Gold Ore": ["Grassland","Gold Ore", "ForestG"],
	"Grassland+Jungle+Gold Ore": ["Grassland","Gold Ore", "JungleG"],
	"Grassland+Hill+Forest+Gold Ore": ["Grassland+Hill","Gold Ore","ForestGH"],
	"Plains+Forest+Gold Ore": ["Plains","Gold Ore", "ForestP"],
	"Plains+Jungle+Gold Ore": ["Plains","Gold Ore", "JungleP"],

	//Iron
	"Tundra+Forest+Iron": ["Tundra","Iron", "ForestT"],
	"Tundra+Hill+Forest+Iron": ["Tundra+Hill","Iron","ForestT"],
	"Grassland+Forest+Iron": ["Grassland","Iron", "ForestG"],
	"Grassland+Jungle+Iron": ["Grassland","Iron", "JungleG"],
	"Grassland+Hill+Forest+Iron": ["Grassland+Hill","Iron","ForestGH"],
	"Plains+Forest+Iron": ["Plains","Iron", "ForestP"],
	"Plains+Jungle+Iron": ["Plains","Iron", "JungleP"],
	"Plains+Hill+Forest+Iron": ["Plains+Hill","Iron","ForestPH"],
	"Grassland+Marsh+Iron": ["Grassland", "Iron", "Marsh"],

	//Salt
	"Tundra+Forest+Salt": ["Tundra","Salt","ForestT"],
	"Tundra+Hill+Forest+Salt": ["Tundra+Hill","Salt","ForestT"],
	"Grassland+Forest+Salt": ["Grassland","Salt", "ForestG"],
	"Grassland+Hill+Forest+Salt": ["Grassland+Hill","Salt","ForestGH"],
	"Plains+Forest+Salt": ["Plains","Salt", "ForestP"],


	//Silver
	"Tundra+Forest+Silver": ["Tundra","Silver", "ForestT"],
	"Tundra+Hill+Forest+Silver": ["Tundra+Hill","Silver","ForestT"],
	"Grassland+Forest+Silver": ["Grassland","Silver", "ForestG"],
	"Grassland+Jungle+Silver": ["Grassland","Silver", "JungleG"],
	"Grassland+Hill+Forest+Silver": ["Grassland+Hill","Silver","ForestGH"],
	"Plains+Forest+Silver": ["Plains","Silver", "ForestP"],
	"Plains+Jungle+Silver": ["Plains","Silver", "JungleP"],
	"Plains+Hill+Forest+Silver": ["Plains+Hill","Silver","ForestPH"],

	//Uranium
	"Tundra+Forest+Uranium": ["Tundra","Uranium", "ForestT"],
	"Tundra+Hill+Forest+Uranium": ["Tundra+Hill","Uranium","ForestT"],
	"Grassland+Forest+Uranium": ["Grassland","Uranium", "ForestG"],
	"Grassland+Jungle+Uranium": ["Grassland","Uranium", "JungleG"],
	"Grassland+Hill+Forest+Uranium": ["Grassland+Hill","Uranium","ForestGH"],
	"Plains+Forest+Uranium": ["Plains","Uranium", "ForestP"],
	"Plains+Jungle+Uranium": ["Plains","Uranium", "JungleP"],
	"Plains+Hill+Forest+Uranium": ["Plains+Hill","Uranium","ForestPH"],
	"Grassland+Marsh+Uranium": ["Grassland", "Uranium", "Marsh"],

	//Oil
	"Grassland+Jungle+Oil": ["Grassland","Oil", "JungleG"],
	"Plains+Jungle+Oil": ["Plains","Oil", "JungleP"],
	"Coast+Oil": ["Coast", "OilS"],
	"Grassland+Marsh+Oil": ["Grassland", "Oil", "Marsh"],

	//Stone
	"Desert+Stone": ["Desert","StoneD"],
	"Desert+Flood plains+Stone": ["Desert","Flood plains","StoneD"],
	"Desert+Hill+Stone": ["Desert+Hill","StoneD"],
	"Desert+Stone+Quarry": ["Desert","StoneD+Quarry"],
	"Desert+Flood plains+Stone+Quarry": ["Desert","Flood plains","StoneD+Quarry"],
	"Desert+Hill+Stone+Quarry": ["Desert+Hill","StoneD+Quarry"],
	"Tundra+Stone+Quarry": ["Tundra","Stone+QuarryT"],
	"Tundra+Hill+Stone+Quarry": ["Tundra+Hill","Stone+QuarryT"],
	"Tundra+Hill+Marble+Quarry": ["Tundra+Hill","Marble+QuarryT"],

	//Bananas
	"Grassland+Jungle+Bananas": ["Grassland","JungleGUp","Bananas", "JungleGLow"],
	"Plains+Jungle+Bananas": ["Plains","JunglePUp","Bananas", "JunglePLow"],

	//Citrus
	"Tundra+Forest+Citrus": ["Tundra","ForestTUp","Citrus", "ForestTLow"],
	"Tundra+Hill+Forest+Citrus": ["Tundra+Hill","ForestTUp","Citrus","ForestTLow"],
	"Grassland+Forest+Citrus": ["Grassland","ForestGUp","Citrus", "ForestGLow"],
	"Grassland+Jungle+Citrus": ["Grassland","JungleGUp","Citrus", "JungleGLow"],
	"Grassland+Hill+Forest+Citrus": ["Grassland+Hill","ForestGHUp","Citrus","ForestGHLow"],
	"Plains+Forest+Citrus": ["Plains","ForestPUp","Citrus", "ForestPLow"],
	"Plains+Jungle+Citrus": ["Plains","JunglePUp","Citrus", "JunglePLow"],
	"Plains+Hill+Forest+Citrus": ["Plains+Hill","ForestPHUp","Citrus","ForestPHLow"],

	//Dyes
	"Tundra+Forest+Dyes": ["Tundra","ForestTUp","Dyes", "ForestTLow"],
	"Tundra+Hill+Forest+Dyes": ["Tundra+Hill","ForestTUp","Dyes","ForestTLow"],
	"Grassland+Forest+Dyes": ["Grassland","ForestGUp","Dyes", "ForestGLow"],
	"Grassland+Jungle+Dyes": ["Grassland","JungleGUp","Dyes", "JungleGLow"],
	"Grassland+Hill+Forest+Dyes": ["Grassland+Hill","ForestGHUp","Dyes","ForestGHLow"],
	"Plains+Forest+Dyes": ["Plains","ForestPUp","Dyes", "ForestPLow"],
	"Plains+Jungle+Dyes": ["Plains","JunglePUp","Dyes", "JunglePLow"],
	"Plains+Hill+Forest+Dyes": ["Plains+Hill","ForestPHUp","Dyes","ForestPHLow"],

	//Silk
	"Tundra+Forest+Silk": ["Tundra","Silk", "ForestT"],
	"Tundra+Hill+Forest+Silk": ["Tundra+Hill","Silk","ForestT"],
	"Grassland+Forest+Silk": ["Grassland","Silk", "ForestG"],
	"Grassland+Jungle+Silk": ["Grassland","Silk", "JungleG"],
	"Grassland+Hill+Forest+Silk": ["Grassland+Hill","Silk","ForestGH"],
	"Plains+Forest+Silk": ["Plains","Silk", "ForestP"],
	"Plains+Jungle+Silk": ["Plains","Silk", "JungleP"],
	"Plains+Hill+Forest+Silk": ["Plains+Hill","Silk","ForestPH"],

	//Spices
	"Tundra+Forest+Spices": ["Tundra","ForestTUp","Spices", "ForestTLow"],
	"Tundra+Hill+Forest+Spices": ["Tundra+Hill","ForestTUp","Spices","ForestTLow"],
	"Grassland+Forest+Spices": ["Grassland","ForestGUp","Spices", "ForestGLow"],
	"Grassland+Jungle+Spices": ["Grassland","JungleGUp","Spices", "JungleGLow"],
	"Grassland+Hill+Forest+Spices": ["Grassland+Hill","ForestGHUp","Spices","ForestGHLow"],
	"Plains+Forest+Spices": ["Plains","ForestPUp","Spices", "ForestPLow"],
	"Plains+Jungle+Spices": ["Plains","JunglePUp","Spices", "JunglePLow"],
	"Plains+Hill+Forest+Spices": ["Plains+Hill","ForestPHUp","Spices","ForestPHLow"],

	//Farm
	"Grassland+Farm": ["Grassland","FarmG","HutFarm"],
	"Grassland+Deer+Farm": ["Grassland","FarmG","Deer"],
	"Grassland+Stone+Farm": ["Grassland","FarmG","Stone"],
	"Grassland+Iron+Farm": ["Grassland","Iron","FarmG"],
	"Grassland+Oil+Farm": ["Grassland","Oil","FarmG"],
	"Grassland+Aluminum+Farm": ["Grassland","Aluminum","FarmG"],
	"Grassland+Uranium+Farm": ["Grassland","Uranium","FarmG"],
	"Grassland+Furs+Farm": ["Grassland","FarmG","FursT"],
	"Grassland+Silver+Farm": ["Grassland","Silver","FarmG"],
	"Grassland+Copper+Farm": ["Grassland","Copper","FarmG"],
	"Grassland+Salt+Farm": ["Grassland","Salt","FarmG"],
	"Grassland+Coal+Farm": ["Grassland","Coal","FarmG"],
	"Grassland+Dyes+Farm": ["Grassland","FarmG","Dyes"],
	"Grassland+Gems+Farm": ["Grassland","Gems","FarmG"],
	"Grassland+Gold Ore+Farm": ["Grassland","Gold Ore","FarmG"],
	"Grassland+Silk+Farm": ["Grassland","FarmG","Silk"],
	"Grassland+Spices+Farm": ["Grassland","FarmG","Spices"],
	"Grassland+Citrus+Farm": ["Grassland","FarmG","Citrus"],
	"Grassland+Truffles+Farm": ["Grassland","FarmG","Truffles"],
	"Grassland+Cotton+Farm": ["Grassland","FarmG","Cotton"],
	"Grassland+Ivory+Farm": ["Grassland","FarmG","Ivory"],
	"Grassland+Sugar+Farm": ["Grassland","FarmG","Sugar"],
	"Grassland+Wine+Farm": ["Grassland","FarmG","Wine"],
	"Grassland+Marble+Farm": ["Grassland","FarmG","Marble"],
	"Grassland+Horses+Farm": ["Grassland","FarmG","Horses"],
	"Grassland+Cattle+Farm": ["Grassland","FarmG","Cattle"],

	"Grassland+Hill+Farm": ["Grassland+Hill","FarmGH","HutFarm"],
	"Grassland+Hill+Deer+Farm": ["Grassland+Hill","FarmGH","Deer"],
	"Grassland+Hill+Stone+Farm": ["Grassland+Hill","FarmGH","Stone"],
	"Grassland+Hill+Marble+Farm": ["Grassland+Hill","FarmGH","Marble"],
	"Grassland+Hill+Iron+Farm": ["Grassland+Hill","Iron","FarmGH"],
	"Grassland+Hill+Oil+Farm": ["Grassland+Hill","Oil","FarmGH"],
	"Grassland+Hill+Aluminum+Farm": ["Grassland+Hill","Aluminum","FarmGH"],
	"Grassland+Hill+Uranium+Farm": ["Grassland+Hill","Uranium","FarmGH"],
	"Grassland+Hill+Furs+Farm": ["Grassland+Hill","FarmGH","Furs"],
	"Grassland+Hill+Silver+Farm": ["Grassland+Hill","Silver","FarmGH"],
	"Grassland+Hill+Copper+Farm": ["Grassland+Hill","Copper","FarmGH"],
	"Grassland+Hill+Salt+Farm": ["Grassland+Hill","Salt","FarmGH"],
	"Grassland+Hill+Coal+Farm": ["Grassland+Hill","Coal","FarmGH"],
	"Grassland+Hill+Dyes+Farm": ["Grassland+Hill","FarmGH","Dyes"],
	"Grassland+Hill+Gems+Farm": ["Grassland+Hill","Gems","FarmGH"],
	"Grassland+Hill+Gold Ore+Farm": ["Grassland+Hill","Gold Ore","FarmGH"],
	"Grassland+Hill+Silk+Farm": ["Grassland+Hill","FarmGH","Silk"],
	"Grassland+Hill+Spices+Farm": ["Grassland+Hill","FarmGH","Spices"],
	"Grassland+Hill+Citrus+Farm": ["Grassland+Hill","FarmGH","Citrus"],
	"Grassland+Hill+Truffles+Farm": ["Grassland+Hill","FarmGH","Truffles"],
	"Grassland+Hill+Sheep+Farm": ["Grassland+Hill","FarmGH","Sheep"],
	"Grassland+Hill+Horses+Farm": ["Grassland+Hill","FarmGH","Horses"],
	
	"Plains+Farm": ["Plains","FarmP","HutFarm"],
	"Plains+Deer+Farm": ["Plains","FarmP","Deer"],
	"Plains+Stone+Farm": ["Plains","FarmP","Stone"],
	"Plains+Iron+Farm": ["Plains","Iron","FarmP"],
	"Plains+Oil+Farm": ["Plains","Oil","FarmP"],
	"Plains+Aluminum+Farm": ["Plains","Aluminum","FarmP"],
	"Plains+Uranium+Farm": ["Plains","Uranium","FarmP"],
	"Plains+Furs+Farm": ["Plains","FarmP","FursT"],
	"Plains+Silver+Farm": ["Plains","Silver","FarmP"],
	"Plains+Copper+Farm": ["Plains","Copper","FarmP"],
	"Plains+Salt+Farm": ["Plains","Salt","FarmP"],
	"Plains+Coal+Farm": ["Plains","Coal","FarmP"],
	"Plains+Dyes+Farm": ["Plains","FarmP","Dyes"],
	"Plains+Gems+Farm": ["Plains","Gems","FarmP"],
	"Plains+Gold Ore+Farm": ["Plains","Gold Ore","FarmP"],
	"Plains+Silk+Farm": ["Plains","FarmP","Silk"],
	"Plains+Spices+Farm": ["Plains","FarmP","Spices"],
	"Plains+Citrus+Farm": ["Plains","FarmP","Citrus"],
	"Plains+Truffles+Farm": ["Plains","FarmP","Truffles"],
	"Plains+Marble+Farm": ["Plains","FarmP","Marble"],
	"Plains+Wine+Farm": ["Plains","FarmP","Wine"],
	"Plains+Incense+Farm": ["Plains","FarmP","Incense"],
	"Plains+Ivory+Farm": ["Plains","FarmP","Ivory"],
	"Plains+Horses+Farm": ["Plains","FarmP","Horses"],
	
	"Plains+Hill+Farm": ["Plains+Hill","FarmPH","HutFarm"],
	"Plains+Hill+Deer+Farm": ["Plains+Hill","FarmPH","Deer"],
	"Plains+Hill+Stone+Farm": ["Plains+Hill","FarmPH","Stone"],
	"Plains+Hill+Marble+Farm": ["Plains+Hill","FarmPH","Marble"],
	"Plains+Hill+Iron+Farm": ["Plains+Hill","Iron","FarmPH"],
	"Plains+Hill+Oil+Farm": ["Plains+Hill","Oil","FarmPH"],
	"Plains+Hill+Aluminum+Farm": ["Plains+Hill","Aluminum","FarmPH"],
	"Plains+Hill+Uranium+Farm": ["Plains+Hill","Uranium","FarmPH"],
	"Plains+Hill+Furs+Farm": ["Plains+Hill","FarmPH","Furs"],
	"Plains+Hill+Silver+Farm": ["Plains+Hill","Silver","FarmPH"],
	"Plains+Hill+Copper+Farm": ["Plains+Hill","Copper","FarmPH"],
	"Plains+Hill+Salt+Farm": ["Plains+Hill","Salt","FarmPH"],
	"Plains+Hill+Coal+Farm": ["Plains+Hill","Coal","FarmPH"],
	"Plains+Hill+Dyes+Farm": ["Plains+Hill","FarmPH","Dyes"],
	"Plains+Hill+Gems+Farm": ["Plains+Hill","Gems","FarmPH"],
	"Plains+Hill+Gold Ore+Farm": ["Plains+Hill","Gold Ore","FarmPH"],
	"Plains+Hill+Silk+Farm": ["Plains+Hill","FarmPH","Silk"],
	"Plains+Hill+Spices+Farm": ["Plains+Hill","FarmPH","Spices"],
	"Plains+Hill+Citrus+Farm": ["Plains+Hill","FarmPH","Citrus"],
	"Plains+Hill+Truffles+Farm": ["Plains+Hill","FarmPH","Truffles"],
	"Plains+Hill+Sheep+Farm": ["Plains+Hill","FarmPH","Sheep"],
	"Plains+Hill+Horses+Farm": ["Plains+Hill","FarmPH","Horses"],
	
	"Desert+Farm": ["Desert","FarmD","HutFarm"],
	"Desert+Stone+Farm": ["Desert","FarmD","Stone"],
	"Desert+Iron+Farm": ["Desert","Iron","FarmD"],
	"Desert+Oil+Farm": ["Desert","Oil","FarmD"],
	"Desert+Aluminum+Farm": ["Desert","Aluminum","FarmD"],
	"Desert+Gold Ore+Farm": ["Desert","Gold Ore","FarmD"],
	"Desert+Salt+Farm": ["Desert","Salt","FarmD"],
	"Desert+Incense+Farm": ["Desert","FarmD","Incense"],
	"Desert+Marble+Farm": ["Desert","FarmD","Marble"],

	"Desert+Hill+Farm": ["Desert+Hill","FarmDH","HutFarm"],
	"Desert+Hill+Sheep+Farm": ["Desert+Hill","FarmDH","Sheep"],
	"Desert+Hill+Horses+Farm": ["Desert+Hill","FarmDH","Horses"],
	"Desert+Hill+Iron+Farm": ["Desert+Hill","Iron","FarmDH"],
	"Desert+Hill+Oil+Farm": ["Desert+Hill","Oil","FarmDH"],
	"Desert+Hill+Aluminum+Farm": ["Desert+Hill","Aluminum","FarmDH"],
	"Desert+Hill+Silver+Farm": ["Desert+Hill","Silver","FarmDH"],
	"Desert+Hill+Copper+Farm": ["Desert+Hill","Copper","FarmDH"],
	"Desert+Hill+Stone+Farm": ["Desert+Hill","FarmDH","Stone"],
	"Desert+Hill+Marble+Farm": ["Desert+Hill","FarmDH","Marble"],
	"Desert+Hill+Coal+Farm": ["Desert+Hill","Coal","FarmDH"],
	"Desert+Hill+Gems+Farm": ["Desert+Hill","Gems","FarmDH"],
	"Desert+Hill+Gold Ore+Farm": ["Desert+Hill","Gold Ore","FarmDH"],
	
	"Desert+Flood plains+Farm": ["Desert","Flood plains","FarmP","HutFarm"],
	"Desert+Flood plains+Cotton+Farm": ["Desert","Flood plains","FarmP","Cotton"],
	"Desert+Flood plains+Incense+Farm": ["Desert","Flood plains","FarmP","Incense"],
	"Desert+Flood plains+Sugar+Farm": ["Desert","Flood plains","FarmP","Sugar"],
	"Desert+Flood plains+Citrus+Farm": ["Desert","Flood plains","FarmP","Citrus"],
	
	"Plains+Wheat+Farm": ["Plains","Farm+Wheat","HutFarm"],
	"Desert+Wheat+Farm": ["Desert","Farm+Wheat","HutFarm"],
	"Desert+Flood plains+Wheat+Farm": ["Desert","Flood plains","Farm+Wheat","HutFarm"],
	
	"Tundra+Farm": ["Tundra","FarmT","HutFarmT"],
	"Tundra+Deer+Farm": ["Tundra","FarmT","Deer"],
	"Tundra+Stone+Farm": ["Tundra","FarmT","Stone"],
	"Tundra+Iron+Farm": ["Tundra","Iron","FarmT"],
	"Tundra+Oil+Farm": ["Tundra","Oil","FarmT"],
	"Tundra+Aluminum+Farm": ["Tundra","Aluminum","FarmT"],
	"Tundra+Uranium+Farm": ["Tundra","Uranium","FarmT"],
	"Tundra+Furs+Farm": ["Tundra","FarmT","FursT"],
	"Tundra+Silver+Farm": ["Tundra","Silver","FarmT"],
	"Tundra+Copper+Farm": ["Tundra","Copper","FarmT"],
	"Tundra+Salt+Farm": ["Tundra","Salt","FarmT"],
	"Tundra+Coal+Farm": ["Tundra","Coal","FarmT"],
	"Tundra+Dyes+Farm": ["Tundra","FarmT","Dyes"],
	"Tundra+Gems+Farm": ["Tundra","Gems","FarmT"],
	"Tundra+Gold Ore+Farm": ["Tundra","Gold Ore","FarmT"],
	"Tundra+Silk+Farm": ["Tundra","FarmT","Silk"],
	"Tundra+Spices+Farm": ["Tundra","FarmT","Spices"],
	"Tundra+Citrus+Farm": ["Tundra","FarmT","Citrus"],
	"Tundra+Truffles+Farm": ["Tundra","FarmT","Truffles"],

	"Tundra+Hill+Farm": ["Tundra+Hill","FarmTH","HutFarmT"],
	"Tundra+Hill+Deer+Farm": ["Tundra+Hill","FarmTH","Deer"],
	"Tundra+Hill+Stone+Farm": ["Tundra+Hill","FarmTH","Stone"],
	"Tundra+Hill+Marble+Farm": ["Tundra+Hill","FarmTH","Marble"],
	"Tundra+Hill+Iron+Farm": ["Tundra+Hill","Iron","FarmTH"],
	"Tundra+Hill+Oil+Farm": ["Tundra+Hill","Oil","FarmTH"],
	"Tundra+Hill+Aluminum+Farm": ["Tundra+Hill","Aluminum","FarmTH"],
	"Tundra+Hill+Uranium+Farm": ["Tundra+Hill","Uranium","FarmTH"],
	"Tundra+Hill+Furs+Farm": ["Tundra+Hill","FarmTH","FursT"],
	"Tundra+Hill+Silver+Farm": ["Tundra+Hill","Silver","FarmTH"],
	"Tundra+Hill+Copper+Farm": ["Tundra+Hill","Copper","FarmTH"],
	"Tundra+Hill+Salt+Farm": ["Tundra+Hill","Salt","FarmTH"],
	"Tundra+Hill+Coal+Farm": ["Tundra+Hill","Coal","FarmTH"],
	"Tundra+Hill+Dyes+Farm": ["Tundra+Hill","FarmTH","Dyes"],
	"Tundra+Hill+Gems+Farm": ["Tundra+Hill","Gems","FarmTH"],
	"Tundra+Hill+Gold Ore+Farm": ["Tundra+Hill","Gold Ore","FarmTH"],
	"Tundra+Hill+Silk+Farm": ["Tundra+Hill","FarmTH","Silk"],
	"Tundra+Hill+Spices+Farm": ["Tundra+Hill","FarmTH","Spices"],
	"Tundra+Hill+Citrus+Farm": ["Tundra+Hill","FarmTH","Citrus"],
	"Tundra+Hill+Truffles+Farm": ["Tundra+Hill","FarmTH","Truffles"],
	"Tundra+Hill+Sheep+Farm": ["Tundra+Hill","FarmTH","Sheep"],
	"Tundra+Hill+Horses+Farm": ["Tundra+Hill","FarmTH","Horses"],

	"Snow+Iron+Farm": ["Snow","Iron","FarmS"],
	"Snow+Oil+Farm": ["Snow","Oil","FarmS"],
	"Snow+Aluminum+Farm": ["Snow","Aluminum","FarmS"],
	"Snow+Uranium+Farm": ["Snow","Uranium","FarmS"],
	"Snow+Hill+Iron+Farm": ["Snow+Hill","Iron","FarmSH"],
	"Snow+Hill+Oil+Farm": ["Snow+Hill","Oil","FarmSH"],
	"Snow+Hill+Aluminum+Farm": ["Snow+Hill","Aluminum","FarmSH"],
	"Snow+Hill+Uranium+Farm": ["Snow+Hill","Uranium","FarmSH"],
	"Snow+Farm": ["Snow","FarmS","HutFarmT"],
	"Snow+Hill+Farm": ["Snow+Hill","FarmSH","HutFarmT"],

	//Oil Well
	"Coast+Oil well": ["Coast","Oil WellC"],
	"Coast+Oil+Oil well": ["Coast","Oil WellC"],

	//Offshore Platform
	"Coast+Oil+Offshore Platform": ["Coast","Offshore Platform"],

	//Academy
	"Tundra+Academy": ["Tundra","AcademyT"],
	"Tundra+Deer+Academy": ["Tundra","Deer","AcademyT"],
	"Tundra+Stone+Academy": ["Tundra","Stone","AcademyT"],
	"Tundra+Iron+Academy": ["Tundra","Iron","AcademyT"],
	"Tundra+Oil+Academy": ["Tundra","Oil","AcademyT"],
	"Tundra+Aluminum+Academy": ["Tundra","Aluminum","AcademyT"],
	"Tundra+Uranium+Academy": ["Tundra","Uranium","AcademyT"],
	"Tundra+Furs+Academy": ["Tundra","FursT","AcademyT"],
	"Tundra+Silver+Academy": ["Tundra","Silver","AcademyT"],
	"Tundra+Copper+Academy": ["Tundra","Copper","AcademyT"],
	"Tundra+Salt+Academy": ["Tundra","Salt","AcademyT"],
	"Tundra+Coal+Academy": ["Tundra","Coal","AcademyT"],
	"Tundra+Dyes+Academy": ["Tundra","Dyes","AcademyT"],
	"Tundra+Gems+Academy": ["Tundra","Gems","AcademyT"],
	"Tundra+Gold Ore+Academy": ["Tundra","Gold Ore","AcademyT"],
	"Tundra+Silk+Academy": ["Tundra","Silk","AcademyT"],
	"Tundra+Spices+Academy": ["Tundra","Spices","AcademyT"],
	"Tundra+Citrus+Academy": ["Tundra","Citrus","AcademyT"],
	"Tundra+Truffles+Academy": ["Tundra","Truffles","AcademyT"],
	"Tundra+Hill+Academy": ["Tundra+Hill","AcademyT"],
	"Tundra+Hill+Deer+Academy": ["Tundra+Hill","Deer","AcademyT"],
	"Tundra+Hill+Stone+Academy": ["Tundra+Hill","Stone","AcademyT"],
	"Tundra+Hill+Marble+Academy": ["Tundra+Hill","Marble","AcademyT"],
	"Tundra+Hill+Iron+Academy": ["Tundra+Hill","Iron","AcademyT"],
	"Tundra+Hill+Oil+Academy": ["Tundra+Hill","Oil","AcademyT"],
	"Tundra+Hill+Aluminum+Academy": ["Tundra+Hill","Aluminum","AcademyT"],
	"Tundra+Hill+Uranium+Academy": ["Tundra+Hill","Uranium","AcademyT"],
	"Tundra+Hill+Furs+Academy": ["Tundra+Hill","FursT","AcademyT"],
	"Tundra+Hill+Silver+Academy": ["Tundra+Hill","Silver","AcademyT"],
	"Tundra+Hill+Copper+Academy": ["Tundra+Hill","Copper","AcademyT"],
	"Tundra+Hill+Salt+Academy": ["Tundra+Hill","Salt","AcademyT"],
	"Tundra+Hill+Coal+Academy": ["Tundra+Hill","Coal","AcademyT"],
	"Tundra+Hill+Dyes+Academy": ["Tundra+Hill","Dyes","AcademyT"],
	"Tundra+Hill+Gems+Academy": ["Tundra+Hill","Gems","AcademyT"],
	"Tundra+Hill+Gold Ore+Academy": ["Tundra+Hill","Gold Ore","AcademyT"],
	"Tundra+Hill+Silk+Academy": ["Tundra+Hill","Silk","AcademyT"],
	"Tundra+Hill+Spices+Academy": ["Tundra+Hill","Spices","AcademyT"],
	"Tundra+Hill+Citrus+Academy": ["Tundra+Hill","Citrus","AcademyT"],
	"Tundra+Hill+Truffles+Academy": ["Tundra+Hill","Truffles","AcademyT"],
	"Tundra+Hill+Sheep+Academy": ["Tundra+Hill","Sheep","AcademyT"],
	"Tundra+Hill+Horses+Academy": ["Tundra+Hill","Horses","AcademyT"],
	"Snow+Iron+Academy": ["Snow","Iron","AcademyT"],
	"Snow+Oil+Academy": ["Snow","Oil","AcademyT"],
	"Snow+Aluminum+Academy": ["Snow","Aluminum","AcademyT"],
	"Snow+Uranium+Academy": ["Snow","Uranium","AcademyT"],
	"Snow+Hill+Iron+Academy": ["Snow+Hill","Iron","AcademyT"],
	"Snow+Hill+Oil+Academy": ["Snow+Hill","Oil","AcademyT"],
	"Snow+Hill+Aluminum+Academy": ["Snow+Hill","Aluminum","AcademyT"],
	"Snow+Hill+Uranium+Academy": ["Snow+Hill","Uranium","AcademyT"],
	"Snow+Academy": ["Snow","AcademyT"],
	"Snow+Hill+Academy": ["Snow+Hill","AcademyT"],

	//Citadel
	"Tundra+Citadel": ["Tundra","CitadelT"],
	"Tundra+Deer+Citadel": ["Tundra","Deer","CitadelT"],
	"Tundra+Stone+Citadel": ["Tundra","Stone","CitadelT"],
	"Tundra+Iron+Citadel": ["Tundra","Iron","CitadelT"],
	"Tundra+Oil+Citadel": ["Tundra","Oil","CitadelT"],
	"Tundra+Aluminum+Citadel": ["Tundra","Aluminum","CitadelT"],
	"Tundra+Uranium+Citadel": ["Tundra","Uranium","CitadelT"],
	"Tundra+Furs+Citadel": ["Tundra","FursT","CitadelT"],
	"Tundra+Silver+Citadel": ["Tundra","Silver","CitadelT"],
	"Tundra+Copper+Citadel": ["Tundra","Copper","CitadelT"],
	"Tundra+Salt+Citadel": ["Tundra","Salt","CitadelT"],
	"Tundra+Coal+Citadel": ["Tundra","Coal","CitadelT"],
	"Tundra+Dyes+Citadel": ["Tundra","Dyes","CitadelT"],
	"Tundra+Gems+Citadel": ["Tundra","Gems","CitadelT"],
	"Tundra+Gold Ore+Citadel": ["Tundra","Gold Ore","CitadelT"],
	"Tundra+Silk+Citadel": ["Tundra","Silk","CitadelT"],
	"Tundra+Spices+Citadel": ["Tundra","Spices","CitadelT"],
	"Tundra+Citrus+Citadel": ["Tundra","Citrus","CitadelT"],
	"Tundra+Truffles+Citadel": ["Tundra","Truffles","CitadelT"],

	"Tundra+Hill+Citadel": ["Tundra+Hill","CitadelT"],
	"Tundra+Hill+Deer+Citadel": ["Tundra+Hill","Deer","CitadelT"],
	"Tundra+Hill+Stone+Citadel": ["Tundra+Hill","Stone","CitadelT"],
	"Tundra+Hill+Marble+Citadel": ["Tundra+Hill","Marble","CitadelT"],
	"Tundra+Hill+Iron+Citadel": ["Tundra+Hill","Iron","CitadelT"],
	"Tundra+Hill+Oil+Citadel": ["Tundra+Hill","Oil","CitadelT"],
	"Tundra+Hill+Aluminum+Citadel": ["Tundra+Hill","Aluminum","CitadelT"],
	"Tundra+Hill+Uranium+Citadel": ["Tundra+Hill","Uranium","CitadelT"],
	"Tundra+Hill+Furs+Citadel": ["Tundra+Hill","FursT","CitadelT"],
	"Tundra+Hill+Silver+Citadel": ["Tundra+Hill","Silver","CitadelT"],
	"Tundra+Hill+Copper+Citadel": ["Tundra+Hill","Copper","CitadelT"],
	"Tundra+Hill+Salt+Citadel": ["Tundra+Hill","Salt","CitadelT"],
	"Tundra+Hill+Coal+Citadel": ["Tundra+Hill","Coal","CitadelT"],
	"Tundra+Hill+Dyes+Citadel": ["Tundra+Hill","Dyes","CitadelT"],
	"Tundra+Hill+Gems+Citadel": ["Tundra+Hill","Gems","CitadelT"],
	"Tundra+Hill+Gold Ore+Citadel": ["Tundra+Hill","Gold Ore","CitadelT"],
	"Tundra+Hill+Silk+Citadel": ["Tundra+Hill","Silk","CitadelT"],
	"Tundra+Hill+Spices+Citadel": ["Tundra+Hill","Spices","CitadelT"],
	"Tundra+Hill+Citrus+Citadel": ["Tundra+Hill","Citrus","CitadelT"],
	"Tundra+Hill+Truffles+Citadel": ["Tundra+Hill","Truffles","CitadelT"],
	"Tundra+Hill+Sheep+Citadel": ["Tundra+Hill","Sheep","CitadelT"],
	"Tundra+Hill+Horses+Citadel": ["Tundra+Hill","Horses","CitadelT"],

	"Snow+Iron+Citadel": ["Snow","Iron","CitadelT"],
	"Snow+Oil+Citadel": ["Snow","Oil","CitadelT"],
	"Snow+Aluminum+Citadel": ["Snow","Aluminum","CitadelT"],
	"Snow+Uranium+Citadel": ["Snow","Uranium","CitadelT"],
	"Snow+Hill+Iron+Citadel": ["Snow+Hill","Iron","CitadelT"],
	"Snow+Hill+Oil+Citadel": ["Snow+Hill","Oil","CitadelT"],
	"Snow+Hill+Aluminum+Citadel": ["Snow+Hill","Aluminum","CitadelT"],
	"Snow+Hill+Uranium+Citadel": ["Snow+Hill","Uranium","CitadelT"],
	"Snow+Citadel": ["Snow","CitadelT"],
	"Snow+Hill+Citadel": ["Snow+Hill","CitadelT"],

	//Customs house
	"Tundra+Customs house": ["Tundra","Customs houseT"],
	"Tundra+Deer+Customs house": ["Tundra","Deer","Customs houseT"],
	"Tundra+Stone+Customs house": ["Tundra","Stone","Customs houseT"],
	"Tundra+Iron+Customs house": ["Tundra","Iron","Customs houseT"],
	"Tundra+Oil+Customs house": ["Tundra","Oil","Customs houseT"],
	"Tundra+Aluminum+Customs house": ["Tundra","Aluminum","Customs houseT"],
	"Tundra+Uranium+Customs house": ["Tundra","Uranium","Customs houseT"],
	"Tundra+Furs+Customs house": ["Tundra","FursT","Customs houseT"],
	"Tundra+Silver+Customs house": ["Tundra","Silver","Customs houseT"],
	"Tundra+Copper+Customs house": ["Tundra","Copper","Customs houseT"],
	"Tundra+Salt+Customs house": ["Tundra","Salt","Customs houseT"],
	"Tundra+Coal+Customs house": ["Tundra","Coal","Customs houseT"],
	"Tundra+Dyes+Customs house": ["Tundra","Dyes","Customs houseT"],
	"Tundra+Gems+Customs house": ["Tundra","Gems","Customs houseT"],
	"Tundra+Gold Ore+Customs house": ["Tundra","Gold Ore","Customs houseT"],
	"Tundra+Silk+Customs house": ["Tundra","Silk","Customs houseT"],
	"Tundra+Spices+Customs house": ["Tundra","Spices","Customs houseT"],
	"Tundra+Citrus+Customs house": ["Tundra","Citrus","Customs houseT"],
	"Tundra+Truffles+Customs house": ["Tundra","Truffles","Customs houseT"],

	"Tundra+Hill+Customs house": ["Tundra+Hill","Customs houseT"],
	"Tundra+Hill+Deer+Customs house": ["Tundra+Hill","Deer","Customs houseT"],
	"Tundra+Hill+Stone+Customs house": ["Tundra+Hill","Stone","Customs houseT"],
	"Tundra+Hill+Iron+Customs house": ["Tundra+Hill","Iron","Customs houseT"],
	"Tundra+Hill+Oil+Customs house": ["Tundra+Hill","Oil","Customs houseT"],
	"Tundra+Hill+Aluminum+Customs house": ["Tundra+Hill","Aluminum","Customs houseT"],
	"Tundra+Hill+Uranium+Customs house": ["Tundra+Hill","Uranium","Customs houseT"],
	"Tundra+Hill+Furs+Customs house": ["Tundra+Hill","FursT","Customs houseT"],
	"Tundra+Hill+Silver+Customs house": ["Tundra+Hill","Silver","Customs houseT"],
	"Tundra+Hill+Copper+Customs house": ["Tundra+Hill","Copper","Customs houseT"],
	"Tundra+Hill+Salt+Customs house": ["Tundra+Hill","Salt","Customs houseT"],
	"Tundra+Hill+Coal+Customs house": ["Tundra+Hill","Coal","Customs houseT"],
	"Tundra+Hill+Dyes+Customs house": ["Tundra+Hill","Dyes","Customs houseT"],
	"Tundra+Hill+Gems+Customs house": ["Tundra+Hill","Gems","Customs houseT"],
	"Tundra+Hill+Gold Ore+Customs house": ["Tundra+Hill","Gold Ore","Customs houseT"],
	"Tundra+Hill+Silk+Customs house": ["Tundra+Hill","Silk","Customs houseT"],
	"Tundra+Hill+Spices+Customs house": ["Tundra+Hill","Spices","Customs houseT"],
	"Tundra+Hill+Citrus+Customs house": ["Tundra+Hill","Citrus","Customs houseT"],
	"Tundra+Hill+Truffles+Customs house": ["Tundra+Hill","Truffles","Customs houseT"],
	"Tundra+Hill+Sheep+Customs house": ["Tundra+Hill","Sheep","Customs houseT"],
	"Tundra+Hill+Horses+Customs house": ["Tundra+Hill","Horses","Customs houseT"],

	"Snow+Iron+Customs house": ["Snow","Iron","Customs houseT"],
	"Snow+Oil+Customs house": ["Snow","Oil","Customs houseT"],
	"Snow+Aluminum+Customs house": ["Snow","Aluminum","Customs houseT"],
	"Snow+Uranium+Customs house": ["Snow","Uranium","Customs houseT"],
	"Snow+Hill+Iron+Customs house": ["Snow+Hill","Iron","Customs houseT"],
	"Snow+Hill+Oil+Customs house": ["Snow+Hill","Oil","Customs houseT"],
	"Snow+Hill+Aluminum+Customs house": ["Snow+Hill","Aluminum","Customs houseT"],
	"Snow+Hill+Uranium+Customs house": ["Snow+Hill","Uranium","Customs houseT"],
	"Snow+Customs house": ["Snow","Customs houseT"],
	"Snow+Hill+Customs house": ["Snow+Hill","Customs houseT"],

	//Holy site
	"Tundra+Holy site": ["Tundra","Holy siteT"],
	"Tundra+Deer+Holy site": ["Tundra","Deer","Holy siteT"],
	"Tundra+Stone+Holy site": ["Tundra","Stone","Holy siteT"],
	"Tundra+Iron+Holy site": ["Tundra","Iron","Holy siteT"],
	"Tundra+Oil+Holy site": ["Tundra","Oil","Holy siteT"],
	"Tundra+Aluminum+Holy site": ["Tundra","Aluminum","Holy siteT"],
	"Tundra+Uranium+Holy site": ["Tundra","Uranium","Holy siteT"],
	"Tundra+Furs+Holy site": ["Tundra","FursT","Holy siteT"],
	"Tundra+Silver+Holy site": ["Tundra","Silver","Holy siteT"],
	"Tundra+Copper+Holy site": ["Tundra","Copper","Holy siteT"],
	"Tundra+Salt+Holy site": ["Tundra","Salt","Holy siteT"],
	"Tundra+Coal+Holy site": ["Tundra","Coal","Holy siteT"],
	"Tundra+Dyes+Holy site": ["Tundra","Dyes","Holy siteT"],
	"Tundra+Gems+Holy site": ["Tundra","Gems","Holy siteT"],
	"Tundra+Gold Ore+Holy site": ["Tundra","Gold Ore","Holy siteT"],
	"Tundra+Silk+Holy site": ["Tundra","Silk","Holy siteT"],
	"Tundra+Spices+Holy site": ["Tundra","Spices","Holy siteT"],
	"Tundra+Citrus+Holy site": ["Tundra","Citrus","Holy siteT"],
	"Tundra+Truffles+Holy site": ["Tundra","Truffles","Holy siteT"],

	"Tundra+Hill+Holy site": ["Tundra+Hill","Holy siteT"],
	"Tundra+Hill+Deer+Holy site": ["Tundra+Hill","Deer","Holy siteT"],
	"Tundra+Hill+Stone+Holy site": ["Tundra+Hill","Stone","Holy siteT"],
	"Tundra+Hill+Marble+Holy site": ["Tundra+Hill","Marble","Holy siteT"],
	"Tundra+Hill+Iron+Holy site": ["Tundra+Hill","Iron","Holy siteT"],
	"Tundra+Hill+Oil+Holy site": ["Tundra+Hill","Oil","Holy siteT"],
	"Tundra+Hill+Aluminum+Holy site": ["Tundra+Hill","Aluminum","Holy siteT"],
	"Tundra+Hill+Uranium+Holy site": ["Tundra+Hill","Uranium","Holy siteT"],
	"Tundra+Hill+Furs+Holy site": ["Tundra+Hill","FursT","Holy siteT"],
	"Tundra+Hill+Silver+Holy site": ["Tundra+Hill","Silver","Holy siteT"],
	"Tundra+Hill+Copper+Holy site": ["Tundra+Hill","Copper","Holy siteT"],
	"Tundra+Hill+Salt+Holy site": ["Tundra+Hill","Salt","Holy siteT"],
	"Tundra+Hill+Coal+Holy site": ["Tundra+Hill","Coal","Holy siteT"],
	"Tundra+Hill+Dyes+Holy site": ["Tundra+Hill","Dyes","Holy siteT"],
	"Tundra+Hill+Gems+Holy site": ["Tundra+Hill","Gems","Holy siteT"],
	"Tundra+Hill+Gold Ore+Holy site": ["Tundra+Hill","Gold Ore","Holy siteT"],
	"Tundra+Hill+Silk+Holy site": ["Tundra+Hill","Silk","Holy siteT"],
	"Tundra+Hill+Spices+Holy site": ["Tundra+Hill","Spices","Holy siteT"],
	"Tundra+Hill+Citrus+Holy site": ["Tundra+Hill","Citrus","Holy siteT"],
	"Tundra+Hill+Truffles+Holy site": ["Tundra+Hill","Truffles","Holy siteT"],
	"Tundra+Hill+Sheep+Holy site": ["Tundra+Hill","Sheep","Holy siteT"],
	"Tundra+Hill+Horses+Holy site": ["Tundra+Hill","Horses","Holy siteT"],

	"Snow+Iron+Holy site": ["Snow","Iron","Holy siteT"],
	"Snow+Oil+Holy site": ["Snow","Oil","Holy siteT"],
	"Snow+Aluminum+Holy site": ["Snow","Aluminum","Holy siteT"],
	"Snow+Uranium+Holy site": ["Snow","Uranium","Holy siteT"],
	"Snow+Hill+Iron+Holy site": ["Snow+Hill","Iron","Holy siteT"],
	"Snow+Hill+Oil+Holy site": ["Snow+Hill","Oil","Holy siteT"],
	"Snow+Hill+Aluminum+Holy site": ["Snow+Hill","Aluminum","Holy siteT"],
	"Snow+Hill+Uranium+Holy site": ["Snow+Hill","Uranium","Holy siteT"],
	"Snow+Holy site": ["Snow","Holy siteT"],
	"Snow+Hill+Holy site": ["Snow+Hill","Holy siteT"],

	//Landmark
	"Tundra+Landmark": ["Tundra","LandmarkT"],
	"Tundra+Deer+Landmark": ["Tundra","Deer","LandmarkT"],
	"Tundra+Stone+Landmark": ["Tundra","Stone","LandmarkT"],
	"Tundra+Iron+Landmark": ["Tundra","Iron","LandmarkT"],
	"Tundra+Oil+Landmark": ["Tundra","Oil","LandmarkT"],
	"Tundra+Aluminum+Landmark": ["Tundra","Aluminum","LandmarkT"],
	"Tundra+Uranium+Landmark": ["Tundra","Uranium","LandmarkT"],
	"Tundra+Furs+Landmark": ["Tundra","FursT","LandmarkT"],
	"Tundra+Silver+Landmark": ["Tundra","Silver","LandmarkT"],
	"Tundra+Copper+Landmark": ["Tundra","Copper","LandmarkT"],
	"Tundra+Salt+Landmark": ["Tundra","Salt","LandmarkT"],
	"Tundra+Coal+Landmark": ["Tundra","Coal","LandmarkT"],
	"Tundra+Dyes+Landmark": ["Tundra","Dyes","LandmarkT"],
	"Tundra+Gems+Landmark": ["Tundra","Gems","LandmarkT"],
	"Tundra+Gold Ore+Landmark": ["Tundra","Gold Ore","LandmarkT"],
	"Tundra+Silk+Landmark": ["Tundra","Silk","LandmarkT"],
	"Tundra+Spices+Landmark": ["Tundra","Spices","LandmarkT"],
	"Tundra+Citrus+Landmark": ["Tundra","Citrus","LandmarkT"],
	"Tundra+Truffles+Landmark": ["Tundra","Truffles","LandmarkT"],

	"Tundra+Hill+Landmark": ["Tundra+Hill","LandmarkT"],
	"Tundra+Hill+Deer+Landmark": ["Tundra+Hill","Deer","LandmarkT"],
	"Tundra+Hill+Stone+Landmark": ["Tundra+Hill","Stone","LandmarkT"],
	"Tundra+Hill+Marble+Landmark": ["Tundra+Hill","Marble","LandmarkT"],
	"Tundra+Hill+Iron+Landmark": ["Tundra+Hill","Iron","LandmarkT"],
	"Tundra+Hill+Oil+Landmark": ["Tundra+Hill","Oil","LandmarkT"],
	"Tundra+Hill+Aluminum+Landmark": ["Tundra+Hill","Aluminum","LandmarkT"],
	"Tundra+Hill+Uranium+Landmark": ["Tundra+Hill","Uranium","LandmarkT"],
	"Tundra+Hill+Furs+Landmark": ["Tundra+Hill","FursT","LandmarkT"],
	"Tundra+Hill+Silver+Landmark": ["Tundra+Hill","Silver","LandmarkT"],
	"Tundra+Hill+Copper+Landmark": ["Tundra+Hill","Copper","LandmarkT"],
	"Tundra+Hill+Salt+Landmark": ["Tundra+Hill","Salt","LandmarkT"],
	"Tundra+Hill+Coal+Landmark": ["Tundra+Hill","Coal","LandmarkT"],
	"Tundra+Hill+Dyes+Landmark": ["Tundra+Hill","Dyes","LandmarkT"],
	"Tundra+Hill+Gems+Landmark": ["Tundra+Hill","Gems","LandmarkT"],
	"Tundra+Hill+Gold Ore+Landmark": ["Tundra+Hill","Gold Ore","LandmarkT"],
	"Tundra+Hill+Silk+Landmark": ["Tundra+Hill","Silk","LandmarkT"],
	"Tundra+Hill+Spices+Landmark": ["Tundra+Hill","Spices","LandmarkT"],
	"Tundra+Hill+Citrus+Landmark": ["Tundra+Hill","Citrus","LandmarkT"],
	"Tundra+Hill+Truffles+Landmark": ["Tundra+Hill","Truffles","LandmarkT"],
	"Tundra+Hill+Sheep+Landmark": ["Tundra+Hill","Sheep","LandmarkT"],
	"Tundra+Hill+Horses+Landmark": ["Tundra+Hill","Horses","LandmarkT"],

	"Snow+Iron+Landmark": ["Snow","Iron","LandmarkT"],
	"Snow+Oil+Landmark": ["Snow","Oil","LandmarkT"],
	"Snow+Aluminum+Landmark": ["Snow","Aluminum","LandmarkT"],
	"Snow+Uranium+Landmark": ["Snow","Uranium","LandmarkT"],
	"Snow+Hill+Iron+Landmark": ["Snow+Hill","Iron","LandmarkT"],
	"Snow+Hill+Oil+Landmark": ["Snow+Hill","Oil","LandmarkT"],
	"Snow+Hill+Aluminum+Landmark": ["Snow+Hill","Aluminum","LandmarkT"],
	"Snow+Hill+Uranium+Landmark": ["Snow+Hill","Uranium","LandmarkT"],
	"Snow+Landmark": ["Snow","LandmarkT"],
	"Snow+Hill+Landmark": ["Snow+Hill","LandmarkT"],

	//Manufactory
	"Tundra+Manufactory": ["Tundra","ManufactoryT"],
	"Tundra+Deer+Manufactory": ["Tundra","Deer","ManufactoryT"],
	"Tundra+Stone+Manufactory": ["Tundra","Stone","ManufactoryT"],
	"Tundra+Iron+Manufactory": ["Tundra","Iron","ManufactoryT"],
	"Tundra+Oil+Manufactory": ["Tundra","Oil","ManufactoryT"],
	"Tundra+Aluminum+Manufactory": ["Tundra","Aluminum","ManufactoryT"],
	"Tundra+Uranium+Manufactory": ["Tundra","Uranium","ManufactoryT"],
	"Tundra+Furs+Manufactory": ["Tundra","FursT","ManufactoryT"],
	"Tundra+Silver+Manufactory": ["Tundra","Silver","ManufactoryT"],
	"Tundra+Copper+Manufactory": ["Tundra","Copper","ManufactoryT"],
	"Tundra+Salt+Manufactory": ["Tundra","Salt","ManufactoryT"],
	"Tundra+Coal+Manufactory": ["Tundra","Coal","ManufactoryT"],
	"Tundra+Dyes+Manufactory": ["Tundra","Dyes","ManufactoryT"],
	"Tundra+Gems+Manufactory": ["Tundra","Gems","ManufactoryT"],
	"Tundra+Gold Ore+Manufactory": ["Tundra","Gold Ore","ManufactoryT"],
	"Tundra+Silk+Manufactory": ["Tundra","Silk","ManufactoryT"],
	"Tundra+Spices+Manufactory": ["Tundra","Spices","ManufactoryT"],
	"Tundra+Citrus+Manufactory": ["Tundra","Citrus","ManufactoryT"],
	"Tundra+Truffles+Manufactory": ["Tundra","Truffles","ManufactoryT"],

	"Tundra+Hill+Manufactory": ["Tundra+Hill","ManufactoryT"],
	"Tundra+Hill+Deer+Manufactory": ["Tundra+Hill","Deer","ManufactoryT"],
	"Tundra+Hill+Stone+Manufactory": ["Tundra+Hill","Stone","ManufactoryT"],
	"Tundra+Hill+Marble+Manufactory": ["Tundra+Hill","Marble","ManufactoryT"],
	"Tundra+Hill+Iron+Manufactory": ["Tundra+Hill","Iron","ManufactoryT"],
	"Tundra+Hill+Oil+Manufactory": ["Tundra+Hill","Oil","ManufactoryT"],
	"Tundra+Hill+Aluminum+Manufactory": ["Tundra+Hill","Aluminum","ManufactoryT"],
	"Tundra+Hill+Uranium+Manufactory": ["Tundra+Hill","Uranium","ManufactoryT"],
	"Tundra+Hill+Furs+Manufactory": ["Tundra+Hill","FursT","ManufactoryT"],
	"Tundra+Hill+Silver+Manufactory": ["Tundra+Hill","Silver","ManufactoryT"],
	"Tundra+Hill+Copper+Manufactory": ["Tundra+Hill","Copper","ManufactoryT"],
	"Tundra+Hill+Salt+Manufactory": ["Tundra+Hill","Salt","ManufactoryT"],
	"Tundra+Hill+Coal+Manufactory": ["Tundra+Hill","Coal","ManufactoryT"],
	"Tundra+Hill+Dyes+Manufactory": ["Tundra+Hill","Dyes","ManufactoryT"],
	"Tundra+Hill+Gems+Manufactory": ["Tundra+Hill","Gems","ManufactoryT"],
	"Tundra+Hill+Gold Ore+Manufactory": ["Tundra+Hill","Gold Ore","ManufactoryT"],
	"Tundra+Hill+Silk+Manufactory": ["Tundra+Hill","Silk","ManufactoryT"],
	"Tundra+Hill+Spices+Manufactory": ["Tundra+Hill","Spices","ManufactoryT"],
	"Tundra+Hill+Citrus+Manufactory": ["Tundra+Hill","Citrus","ManufactoryT"],
	"Tundra+Hill+Truffles+Manufactory": ["Tundra+Hill","Truffles","ManufactoryT"],
	"Tundra+Hill+Sheep+Manufactory": ["Tundra+Hill","Sheep","ManufactoryT"],
	"Tundra+Hill+Horses+Manufactory": ["Tundra+Hill","Horses","ManufactoryT"],

	"Snow+Iron+Manufactory": ["Snow","Iron","ManufactoryT"],
	"Snow+Oil+Manufactory": ["Snow","Oil","ManufactoryT"],
	"Snow+Aluminum+Manufactory": ["Snow","Aluminum","ManufactoryT"],
	"Snow+Uranium+Manufactory": ["Snow","Uranium","ManufactoryT"],
	"Snow+Hill+Iron+Manufactory": ["Snow+Hill","Iron","ManufactoryT"],
	"Snow+Hill+Oil+Manufactory": ["Snow+Hill","Oil","ManufactoryT"],
	"Snow+Hill+Aluminum+Manufactory": ["Snow+Hill","Aluminum","ManufactoryT"],
	"Snow+Hill+Uranium+Manufactory": ["Snow+Hill","Uranium","ManufactoryT"],
	"Snow+Manufactory": ["Snow","ManufactoryT"],
	"Snow+Hill+Manufactory": ["Snow+Hill","ManufactoryT"],

	//Trading post
	"Tundra+Trading post": ["Tundra","Trading postT"],
	"Tundra+Deer+Trading post": ["Tundra","Deer","Trading postT"],
	"Tundra+Stone+Trading post": ["Tundra","Stone","Trading postT"],
	"Tundra+Iron+Trading post": ["Tundra","Iron","Trading postT"],
	"Tundra+Oil+Trading post": ["Tundra","Oil","Trading postT"],
	"Tundra+Aluminum+Trading post": ["Tundra","Aluminum","Trading postT"],
	"Tundra+Uranium+Trading post": ["Tundra","Uranium","Trading postT"],
	"Tundra+Furs+Trading post": ["Tundra","FursT","Trading postT"],
	"Tundra+Silver+Trading post": ["Tundra","Silver","Trading postT"],
	"Tundra+Copper+Trading post": ["Tundra","Copper","Trading postT"],
	"Tundra+Salt+Trading post": ["Tundra","Salt","Trading postT"],
	"Tundra+Coal+Trading post": ["Tundra","Coal","Trading postT"],
	"Tundra+Dyes+Trading post": ["Tundra","Dyes","Trading postT"],
	"Tundra+Gems+Trading post": ["Tundra","Gems","Trading postT"],
	"Tundra+Gold Ore+Trading post": ["Tundra","Gold Ore","Trading postT"],
	"Tundra+Silk+Trading post": ["Tundra","Silk","Trading postT"],
	"Tundra+Spices+Trading post": ["Tundra","Spices","Trading postT"],
	"Tundra+Citrus+Trading post": ["Tundra","Citrus","Trading postT"],
	"Tundra+Truffles+Trading post": ["Tundra","Truffles","Trading postT"],

	"Tundra+Hill+Trading post": ["Tundra+Hill","Trading postT"],
	"Tundra+Hill+Deer+Trading post": ["Tundra+Hill","Deer","Trading postT"],
	"Tundra+Hill+Stone+Trading post": ["Tundra+Hill","Stone","Trading postT"],
	"Tundra+Hill+Marble+Trading post": ["Tundra+Hill","Marble","Trading postT"],
	"Tundra+Hill+Iron+Trading post": ["Tundra+Hill","Iron","Trading postT"],
	"Tundra+Hill+Oil+Trading post": ["Tundra+Hill","Oil","Trading postT"],
	"Tundra+Hill+Aluminum+Trading post": ["Tundra+Hill","Aluminum","Trading postT"],
	"Tundra+Hill+Uranium+Trading post": ["Tundra+Hill","Uranium","Trading postT"],
	"Tundra+Hill+Furs+Trading post": ["Tundra+Hill","FursT","Trading postT"],
	"Tundra+Hill+Silver+Trading post": ["Tundra+Hill","Silver","Trading postT"],
	"Tundra+Hill+Copper+Trading post": ["Tundra+Hill","Copper","Trading postT"],
	"Tundra+Hill+Salt+Trading post": ["Tundra+Hill","Salt","Trading postT"],
	"Tundra+Hill+Coal+Trading post": ["Tundra+Hill","Coal","Trading postT"],
	"Tundra+Hill+Dyes+Trading post": ["Tundra+Hill","Dyes","Trading postT"],
	"Tundra+Hill+Gems+Trading post": ["Tundra+Hill","Gems","Trading postT"],
	"Tundra+Hill+Gold Ore+Trading post": ["Tundra+Hill","Gold Ore","Trading postT"],
	"Tundra+Hill+Silk+Trading post": ["Tundra+Hill","Silk","Trading postT"],
	"Tundra+Hill+Spices+Trading post": ["Tundra+Hill","Spices","Trading postT"],
	"Tundra+Hill+Citrus+Trading post": ["Tundra+Hill","Citrus","Trading postT"],
	"Tundra+Hill+Truffles+Trading post": ["Tundra+Hill","Truffles","Trading postT"],
	"Tundra+Hill+Sheep+Trading post": ["Tundra+Hill","Sheep","Trading postT"],
	"Tundra+Hill+Horses+Trading post": ["Tundra+Hill","Horses","Trading postT"],

	"Tundra+Forest+Trading post": ["Tundra","ForestT","Trading postT"],
	"Tundra+Deer+Forest+Trading post": ["Tundra","Deer","ForestT","Trading postT"],
	"Tundra+Stone+Forest+Trading post": ["Tundra","Stone","ForestT","Trading postT"],
	"Tundra+Iron+Forest+Trading post": ["Tundra","Iron","ForestT","Trading postT"],
	"Tundra+Oil+Forest+Trading post": ["Tundra","Oil","ForestT","Trading postT"],
	"Tundra+Aluminum+Forest+Trading post": ["Tundra","Aluminum","ForestT","Trading postT"],
	"Tundra+Uranium+Forest+Trading post": ["Tundra","Uranium","ForestT","Trading postT"],
	"Tundra+Furs+Forest+Trading post": ["Tundra","FursT","ForestT","Trading postT"],
	"Tundra+Silver+Forest+Trading post": ["Tundra","Silver","ForestT","Trading postT"],
	"Tundra+Copper+Forest+Trading post": ["Tundra","Copper","ForestT","Trading postT"],
	"Tundra+Salt+Forest+Trading post": ["Tundra","Salt","ForestT","Trading postT"],
	"Tundra+Coal+Forest+Trading post": ["Tundra","Coal","ForestT","Trading postT"],
	"Tundra+Dyes+Forest+Trading post": ["Tundra","Dyes","ForestT","Trading postT"],
	"Tundra+Gems+Forest+Trading post": ["Tundra","Gems","ForestT","Trading postT"],
	"Tundra+Gold Ore+Forest+Trading post": ["Tundra","Gold Ore","ForestT","Trading postT"],
	"Tundra+Silk+Forest+Trading post": ["Tundra","Silk","ForestT","Trading postT"],
	"Tundra+Spices+Forest+Trading post": ["Tundra","Spices","ForestT","Trading postT"],
	"Tundra+Citrus+Forest+Trading post": ["Tundra","Citrus","ForestT","Trading postT"],
	"Tundra+Truffles+Forest+Trading post": ["Tundra","Truffles","ForestT","Trading postT"],

	"Tundra+Hill+Forest+Trading post": ["Tundra+Hill","ForestTH","Trading postT"],
	"Tundra+Hill+Deer+Forest+Trading post": ["Tundra+Hill","Deer","ForestTH","Trading postT"],
	"Tundra+Hill+Stone+Forest+Trading post": ["Tundra+Hill","Stone","ForestTH","Trading postT"],
	"Tundra+Hill+Iron+Forest+Trading post": ["Tundra+Hill","Iron","ForestTH","Trading postT"],
	"Tundra+Hill+Oil+Forest+Trading post": ["Tundra+Hill","Oil","ForestTH","Trading postT"],
	"Tundra+Hill+Aluminum+Forest+Trading post": ["Tundra+Hill","Aluminum","ForestTH","Trading postT"],
	"Tundra+Hill+Uranium+Forest+Trading post": ["Tundra+Hill","Uranium","ForestTH","Trading postT"],
	"Tundra+Hill+Furs+Forest+Trading post": ["Tundra+Hill","FursT","ForestTH","Trading postT"],
	"Tundra+Hill+Silver+Forest+Trading post": ["Tundra+Hill","Silver","ForestTH","Trading postT"],
	"Tundra+Hill+Copper+Forest+Trading post": ["Tundra+Hill","Copper","ForestTH","Trading postT"],
	"Tundra+Hill+Salt+Forest+Trading post": ["Tundra+Hill","Salt","ForestTH","Trading postT"],
	"Tundra+Hill+Coal+Forest+Trading post": ["Tundra+Hill","Coal","ForestTH","Trading postT"],
	"Tundra+Hill+Dyes+Forest+Trading post": ["Tundra+Hill","Dyes","ForestTH","Trading postT"],
	"Tundra+Hill+Gems+Forest+Trading post": ["Tundra+Hill","Gems","ForestTH","Trading postT"],
	"Tundra+Hill+Gold Ore+Forest+Trading post": ["Tundra+Hill","Gold Ore","ForestTH","Trading postT"],
	"Tundra+Hill+Silk+Forest+Trading post": ["Tundra+Hill","Silk","ForestTH","Trading postT"],
	"Tundra+Hill+Spices+Forest+Trading post": ["Tundra+Hill","Spices","ForestTH","Trading postT"],
	"Tundra+Hill+Citrus+Forest+Trading post": ["Tundra+Hill","Citrus","ForestTH","Trading postT"],
	"Tundra+Hill+Truffles+Forest+Trading post": ["Tundra+Hill","Truffles","ForestTH","Trading postT"],
	"Tundra+Hill+Sheep+Forest+Trading post": ["Tundra+Hill","Sheep","ForestTH","Trading postT"],
	"Tundra+Hill+Horses+Forest+Trading post": ["Tundra+Hill","Horses","ForestTH","Trading postT"],

	//Lumbermill
	"Tundra+Forest+Lumber mill": ["Tundra","ForestT","Lumber millT"],
	"Tundra+Deer+Forest+Lumber mill": ["Tundra","Deer","ForestT","Lumber millT"],
	"Tundra+Stone+Forest+Lumber mill": ["Tundra","Stone","ForestT","Lumber millT"],
	"Tundra+Iron+Forest+Lumber mill": ["Tundra","Iron","ForestT","Lumber millT"],
	"Tundra+Oil+Forest+Lumber mill": ["Tundra","Oil","ForestT","Lumber millT"],
	"Tundra+Aluminum+Forest+Lumber mill": ["Tundra","Aluminum","ForestT","Lumber millT"],
	"Tundra+Uranium+Forest+Lumber mill": ["Tundra","Uranium","ForestT","Lumber millT"],
	"Tundra+Furs+Forest+Lumber mill": ["Tundra","FursT","ForestT","Lumber millT"],
	"Tundra+Silver+Forest+Lumber mill": ["Tundra","Silver","ForestT","Lumber millT"],
	"Tundra+Copper+Forest+Lumber mill": ["Tundra","Copper","ForestT","Lumber millT"],
	"Tundra+Salt+Forest+Lumber mill": ["Tundra","Salt","ForestT","Lumber millT"],
	"Tundra+Coal+Forest+Lumber mill": ["Tundra","Coal","ForestT","Lumber millT"],
	"Tundra+Dyes+Forest+Lumber mill": ["Tundra","Dyes","ForestT","Lumber millT"],
	"Tundra+Gems+Forest+Lumber mill": ["Tundra","Gems","ForestT","Lumber millT"],
	"Tundra+Gold Ore+Forest+Lumber mill": ["Tundra","Gold Ore","ForestT","Lumber millT"],
	"Tundra+Silk+Forest+Lumber mill": ["Tundra","Silk","ForestT","Lumber millT"],
	"Tundra+Spices+Forest+Lumber mill": ["Tundra","Spices","ForestT","Lumber millT"],
	"Tundra+Citrus+Forest+Lumber mill": ["Tundra","Citrus","ForestT","Lumber millT"],
	"Tundra+Truffles+Forest+Lumber mill": ["Tundra","Truffles","ForestT","Lumber millT"],

	"Tundra+Hill+Forest+Lumber mill": ["Tundra+Hill","ForestTH","Lumber millT"],
	"Tundra+Hill+Deer+Forest+Lumber mill": ["Tundra+Hill","Deer","ForestTH","Lumber millT"],
	"Tundra+Hill+Stone+Forest+Lumber mill": ["Tundra+Hill","Stone","ForestTH","Lumber millT"],
	"Tundra+Hill+Iron+Forest+Lumber mill": ["Tundra+Hill","Iron","ForestTH","Lumber millT"],
	"Tundra+Hill+Oil+Forest+Lumber mill": ["Tundra+Hill","Oil","ForestTH","Lumber millT"],
	"Tundra+Hill+Aluminum+Forest+Lumber mill": ["Tundra+Hill","Aluminum","ForestTH","Lumber millT"],
	"Tundra+Hill+Uranium+Forest+Lumber mill": ["Tundra+Hill","Uranium","ForestTH","Lumber millT"],
	"Tundra+Hill+Furs+Forest+Lumber mill": ["Tundra+Hill","FursT","ForestTH","Lumber millT"],
	"Tundra+Hill+Silver+Forest+Lumber mill": ["Tundra+Hill","Silver","ForestTH","Lumber millT"],
	"Tundra+Hill+Copper+Forest+Lumber mill": ["Tundra+Hill","Copper","ForestTH","Lumber millT"],
	"Tundra+Hill+Salt+Forest+Lumber mill": ["Tundra+Hill","Salt","ForestTH","Lumber millT"],
	"Tundra+Hill+Coal+Forest+Lumber mill": ["Tundra+Hill","Coal","ForestTH","Lumber millT"],
	"Tundra+Hill+Dyes+Forest+Lumber mill": ["Tundra+Hill","Dyes","ForestTH","Lumber millT"],
	"Tundra+Hill+Gems+Forest+Lumber mill": ["Tundra+Hill","Gems","ForestTH","Lumber millT"],
	"Tundra+Hill+Gold Ore+Forest+Lumber mill": ["Tundra+Hill","Gold Ore","ForestTH","Lumber millT"],
	"Tundra+Hill+Silk+Forest+Lumber mill": ["Tundra+Hill","Silk","ForestTH","Lumber millT"],
	"Tundra+Hill+Spices+Forest+Lumber mill": ["Tundra+Hill","Spices","ForestTH","Lumber millT"],
	"Tundra+Hill+Citrus+Forest+Lumber mill": ["Tundra+Hill","Citrus","ForestTH","Lumber millT"],
	"Tundra+Hill+Truffles+Forest+Lumber mill": ["Tundra+Hill","Truffles","ForestTH","Lumber millT"],
	"Tundra+Hill+Sheep+Forest+Lumber mill": ["Tundra+Hill","Sheep","ForestTH","Lumber millT"],
	"Tundra+Hill+Horses+Forest+Lumber mill": ["Tundra+Hill","Horses","ForestTH","Lumber millT"],

	//Mine
	"Tundra+Mine": ["Tundra","MineT"],
	"Tundra+Iron+Mine": ["Tundra","Iron","MineT"],
	"Tundra+Aluminum+Mine": ["Tundra","Aluminum","MineT"],
	"Tundra+Uranium+Mine": ["Tundra","Uranium","MineT"],
	"Tundra+Silver+Mine": ["Tundra","Silver","MineT"],
	"Tundra+Copper+Mine": ["Tundra","Copper","MineT"],
	"Tundra+Salt+Mine": ["Tundra","Salt","MineT"],
	"Tundra+Coal+Mine": ["Tundra","Coal","MineT"],
	"Tundra+Gems+Mine": ["Tundra","Gems","MineT"],
	"Tundra+Gold Ore+Mine": ["Tundra","Gold Ore","MineT"],

	"Tundra+Hill+Mine": ["Tundra+Hill","MineT"],
	"Tundra+Hill+Iron+Mine": ["Tundra+Hill","Iron","MineT"],
	"Tundra+Hill+Aluminum+Mine": ["Tundra+Hill","Aluminum","MineT"],
	"Tundra+Hill+Uranium+Mine": ["Tundra+Hill","Uranium","MineT"],
	"Tundra+Hill+Silver+Mine": ["Tundra+Hill","Silver","MineT"],
	"Tundra+Hill+Copper+Mine": ["Tundra+Hill","Copper","MineT"],
	"Tundra+Hill+Salt+Mine": ["Tundra+Hill","Salt","MineT"],
	"Tundra+Hill+Coal+Mine": ["Tundra+Hill","Coal","MineT"],
	"Tundra+Hill+Gems+Mine": ["Tundra+Hill","Gems","MineT"],
	"Tundra+Hill+Gold Ore+Mine": ["Tundra+Hill","Gold Ore","MineT"],

	"Snow+Iron+Mine": ["Snow","Iron","MineT"],
	"Snow+Aluminum+Mine": ["Snow","Aluminum","MineT"],
	"Snow+Uranium+Mine": ["Snow","Uranium","MineT"],
	"Snow+Hill+Iron+Mine": ["Snow+Hill","Iron","MineT"],
	"Snow+Hill+Aluminum+Mine": ["Snow+Hill","Aluminum","MineT"],
	"Snow+Hill+Uranium+Mine": ["Snow+Hill","Uranium","MineT"],
	"Snow+Mine": ["Snow","MineT"],
	"Snow+Hill+Mine": ["Snow+Hill","MineT"],

	//Fort
	"Tundra+Fort": ["Tundra","FortT"],
	"Tundra+Deer+Fort": ["Tundra","Deer","FortT"],
	"Tundra+Stone+Fort": ["Tundra","Stone","FortT"],
	"Tundra+Iron+Fort": ["Tundra","Iron","FortT"],
	"Tundra+Oil+Fort": ["Tundra","Oil","FortT"],
	"Tundra+Aluminum+Fort": ["Tundra","Aluminum","FortT"],
	"Tundra+Uranium+Fort": ["Tundra","Uranium","FortT"],
	"Tundra+Furs+Fort": ["Tundra","FursT","FortT"],
	"Tundra+Silver+Fort": ["Tundra","Silver","FortT"],
	"Tundra+Copper+Fort": ["Tundra","Copper","FortT"],
	"Tundra+Salt+Fort": ["Tundra","Salt","FortT"],
	"Tundra+Coal+Fort": ["Tundra","Coal","FortT"],
	"Tundra+Dyes+Fort": ["Tundra","Dyes","FortT"],
	"Tundra+Gems+Fort": ["Tundra","Gems","FortT"],
	"Tundra+Gold Ore+Fort": ["Tundra","Gold Ore","FortT"],
	"Tundra+Silk+Fort": ["Tundra","Silk","FortT"],
	"Tundra+Spices+Fort": ["Tundra","Spices","FortT"],
	"Tundra+Citrus+Fort": ["Tundra","Citrus","FortT"],
	"Tundra+Truffles+Fort": ["Tundra","Truffles","FortT"],

	"Tundra+Hill+Fort": ["Tundra+Hill","FortT"],
	"Tundra+Hill+Deer+Fort": ["Tundra+Hill","Deer","FortT"],
	"Tundra+Hill+Stone+Fort": ["Tundra+Hill","Stone","FortT"],
	"Tundra+Hill+Iron+Fort": ["Tundra+Hill","Iron","FortT"],
	"Tundra+Hill+Oil+Fort": ["Tundra+Hill","Oil","FortT"],
	"Tundra+Hill+Aluminum+Fort": ["Tundra+Hill","Aluminum","FortT"],
	"Tundra+Hill+Uranium+Fort": ["Tundra+Hill","Uranium","FortT"],
	"Tundra+Hill+Furs+Fort": ["Tundra+Hill","FursT","FortT"],
	"Tundra+Hill+Silver+Fort": ["Tundra+Hill","Silver","FortT"],
	"Tundra+Hill+Copper+Fort": ["Tundra+Hill","Copper","FortT"],
	"Tundra+Hill+Salt+Fort": ["Tundra+Hill","Salt","FortT"],
	"Tundra+Hill+Coal+Fort": ["Tundra+Hill","Coal","FortT"],
	"Tundra+Hill+Dyes+Fort": ["Tundra+Hill","Dyes","FortT"],
	"Tundra+Hill+Gems+Fort": ["Tundra+Hill","Gems","FortT"],
	"Tundra+Hill+Gold Ore+Fort": ["Tundra+Hill","Gold Ore","FortT"],
	"Tundra+Hill+Silk+Fort": ["Tundra+Hill","Silk","FortT"],
	"Tundra+Hill+Spices+Fort": ["Tundra+Hill","Spices","FortT"],
	"Tundra+Hill+Citrus+Fort": ["Tundra+Hill","Citrus","FortT"],
	"Tundra+Hill+Truffles+Fort": ["Tundra+Hill","Truffles","FortT"],
	"Tundra+Hill+Sheep+Fort": ["Tundra+Hill","Sheep","FortT"],
	"Tundra+Hill+Horses+Fort": ["Tundra+Hill","Horses","FortT"],

	"Snow+Iron+Fort": ["Snow","Iron","FortT"],
	"Snow+Oil+Fort": ["Snow","Oil","FortT"],
	"Snow+Aluminum+Fort": ["Snow","Aluminum","FortT"],
	"Snow+Uranium+Fort": ["Snow","Uranium","FortT"],
	"Snow+Hill+Iron+Fort": ["Snow+Hill","Iron","FortT"],
	"Snow+Hill+Oil+Fort": ["Snow+Hill","Oil","FortT"],
	"Snow+Hill+Aluminum+Fort": ["Snow+Hill","Aluminum","FortT"],
	"Snow+Hill+Uranium+Fort": ["Snow+Hill","Uranium","FortT"],
	"Snow+Fort": ["Snow","FortT"],
	"Snow+Hill+Fort": ["Snow+Hill","FortT"],

	//GI (template code for snow improvement)
	"Tundra+GI": ["Tundra","GIT"],
	"Tundra+Deer+GI": ["Tundra","Deer","GIT"],
	"Tundra+Stone+GI": ["Tundra","Stone","GIT"],
	"Tundra+Iron+GI": ["Tundra","Iron","GIT"],
	"Tundra+Oil+GI": ["Tundra","Oil","GIT"],
	"Tundra+Aluminum+GI": ["Tundra","Aluminum","GIT"],
	"Tundra+Uranium+GI": ["Tundra","Uranium","GIT"],
	"Tundra+Furs+GI": ["Tundra","FursT","GIT"],
	"Tundra+Silver+GI": ["Tundra","Silver","GIT"],
	"Tundra+Copper+GI": ["Tundra","Copper","GIT"],
	"Tundra+Salt+GI": ["Tundra","Salt","GIT"],
	"Tundra+Coal+GI": ["Tundra","Coal","GIT"],
	"Tundra+Dyes+GI": ["Tundra","Dyes","GIT"],
	"Tundra+Gems+GI": ["Tundra","Gems","GIT"],
	"Tundra+Gold Ore+GI": ["Tundra","Gold Ore","GIT"],
	"Tundra+Silk+GI": ["Tundra","Silk","GIT"],
	"Tundra+Spices+GI": ["Tundra","Spices","GIT"],
	"Tundra+Citrus+GI": ["Tundra","Citrus","GIT"],
	"Tundra+Truffles+GI": ["Tundra","Truffles","GIT"],

	"Tundra+Hill+GI": ["Tundra+Hill","GIT"],
	"Tundra+Hill+Deer+GI": ["Tundra+Hill","Deer","GIT"],
	"Tundra+Hill+Stone+GI": ["Tundra+Hill","Stone","GIT"],
	"Tundra+Hill+Iron+GI": ["Tundra+Hill","Iron","GIT"],
	"Tundra+Hill+Oil+GI": ["Tundra+Hill","Oil","GIT"],
	"Tundra+Hill+Aluminum+GI": ["Tundra+Hill","Aluminum","GIT"],
	"Tundra+Hill+Uranium+GI": ["Tundra+Hill","Uranium","GIT"],
	"Tundra+Hill+Furs+GI": ["Tundra+Hill","FursT","GIT"],
	"Tundra+Hill+Silver+GI": ["Tundra+Hill","Silver","GIT"],
	"Tundra+Hill+Copper+GI": ["Tundra+Hill","Copper","GIT"],
	"Tundra+Hill+Salt+GI": ["Tundra+Hill","Salt","GIT"],
	"Tundra+Hill+Coal+GI": ["Tundra+Hill","Coal","GIT"],
	"Tundra+Hill+Dyes+GI": ["Tundra+Hill","Dyes","GIT"],
	"Tundra+Hill+Gems+GI": ["Tundra+Hill","Gems","GIT"],
	"Tundra+Hill+Gold Ore+GI": ["Tundra+Hill","Gold Ore","GIT"],
	"Tundra+Hill+Silk+GI": ["Tundra+Hill","Silk","GIT"],
	"Tundra+Hill+Spices+GI": ["Tundra+Hill","Spices","GIT"],
	"Tundra+Hill+Citrus+GI": ["Tundra+Hill","Citrus","GIT"],
	"Tundra+Hill+Truffles+GI": ["Tundra+Hill","Truffles","GIT"],
	"Tundra+Hill+Sheep+GI": ["Tundra+Hill","Sheep","GIT"],
	"Tundra+Hill+Horses+GI": ["Tundra+Hill","Horses","GIT"],

	"Snow+Iron+GI": ["Snow","Iron","GIT"],
	"Snow+Oil+GI": ["Snow","Oil","GIT"],
	"Snow+Aluminum+GI": ["Snow","Aluminum","GIT"],
	"Snow+Uranium+GI": ["Snow","Uranium","GIT"],
	"Snow+Hill+Iron+GI": ["Snow+Hill","Iron","GIT"],
	"Snow+Hill+Oil+GI": ["Snow+Hill","Oil","GIT"],
	"Snow+Hill+Aluminum+GI": ["Snow+Hill","Aluminum","GIT"],
	"Snow+Hill+Uranium+GI": ["Snow+Hill","Uranium","GIT"],
	"Snow+GI": ["Snow","GIT"],
	"Snow+Hill+GI": ["Snow+Hill","GIT"],
	}
}
