[
  // Each entry is a tutorial, but the tutorial may be spread over separate paragraphs.

  {
    "name": "Introduction",
    "steps": [
      "Welcome to Unciv!\nBecause this is a complex game, there are basic tasks to help familiarize you with the game.\nThese are completely optional, and you're welcome to explore the game on your own!"
    ]
  },

  // Civilopedia only, because players said this was too wall-of-text
  {
    "name": "New Game",
    "steps": [
      "Your first mission is to found your capital city.\nThis is actually an important task because your capital city will probably be your most prosperous.\nMany game bonuses apply only to your capital city and it will probably be the center of your empire.",
      "How do you know a spot is appropriate?\nThat’s not an easy question to answer, but looking for and building next to luxury resources is a good rule of thumb.\nLuxury resources are tiles that have things like gems, cotton, or silk (indicated by a smiley next to the resource icon)\nThese resources make your civilization happy. You should also keep an eye out for resources needed to build units, such as iron. Cities cannot be built within 3 tiles of existing cities, which is another thing to watch out for!",
      "However, cities don’t have a set area that they can work - more on that later!\nThis means you don’t have to settle cities right next to resources.\nLet’s say, for example, that you want access to some iron – but the resource is right next to a desert.\nYou don’t have to settle your city next to the desert. You can settle a few tiles away in more prosperous lands.\nYour city will grow and eventually gain access to the resource.\nYou only need to settle right next to resources if you need them immediately – \n   which might be the case now and then, but you’ll usually have the luxury of time."    ,
      "The first thing coming out of your city should be either a Scout or Warrior.\nI generally prefer the Warrior because it can be used for defense and because it can be upgraded\n  to the Swordsman unit later in the game for a relatively modest sum of gold.\nScouts can be effective, however, if you seem to be located in an area of dense forest and hills.\nScouts don’t suffer a movement penalty in this terrain.\nIf you’re a veteran of the 4x strategy genre your first Warrior or Scout will be followed by a Settler.\nFast expanding is absolutely critical in most games of this type."
    ]
  },
  {
    "name": "Slow Start",
    "steps": [
      "In your first couple of turns, you will have very little options, but as your civilization grows, so do the number of things requiring your attention."
    ],
    "uniques": ["Will not be displayed in Civilopedia"]
  },
  {
    "name": "Culture and Policies",
    "steps": [
      "Each turn, the culture you gain from all your cities is added to your Civilization's culture.\nWhen you have enough culture, you may pick a Social Policy, each one giving you a certain bonus."	,
      "The policies are organized into branches, with each branch providing a bonus ability when all policies in the branch have been adopted."    ,
      "With each policy adopted, and with each city built,\n  the cost of adopting another policy rises - so choose wisely!"
    ]
  },
  {
    "name": "City Expansion",
    "steps": [
	"Once a city has gathered enough Culture, it will expand into a neighboring tile.\nYou have no control over the tile it will expand into, but tiles with resources and higher yields are prioritized.",
	"Each additional tile will require more culture, but generally your first cities will eventually expand to a wide tile range.",
	"Although your city will keep expanding forever, your citizens can only work 3 tiles away from city center.\nThis should be taken into account when placing new cities."
    ]
  },
  {
    "name": "Happiness",
    "steps": [
      "As cities grow in size and influence, you have to deal with a happiness mechanic that is no longer tied to each individual city.\nInstead, your entire empire shares the same level of satisfaction.\nAs your cities grow in population you’ll find that it is more and more difficult to keep your empire happy."    ,
      "In addition, you can’t even build any city improvements that increase happiness until you’ve done the appropriate research.\nIf your empire’s happiness ever goes below zero the growth rate of your cities will be hurt.\nIf your empire becomes severely unhappy (as indicated by the smiley-face icon at the top of the interface)\n  your armies will have a big penalty slapped on to their overall combat effectiveness."    ,
      "This means that it is very difficult to expand quickly in Unciv.\nIt isn’t impossible, but as a new player you probably shouldn't do it.\nSo what should you do? Chill out, scout, and improve the land that you do have by building Workers.\nOnly build new cities once you have found a spot that you believe is appropriate."
    ]
  },
  {
    "name": "Unhappiness",
    "steps": [
      "It seems that your citizens are unhappy!\nWhile unhappy, your civilization will suffer many detrimental effects, increasing in severity as unhappiness gets higher.",
      "Unhappiness has two main causes: Population and cities.\n  Each city causes 3 unhappiness, and each population, 1",
      "There are 2 main ways to combat unhappiness:\n  by building happiness buildings for your population\n  or by having improved luxury resources within your borders."
    ]
  },
  {
    "name": "Golden Age",
    "steps": [
      "You have entered a Golden Age!\nGolden age points are accumulated each turn by the total happiness \n  of your civilization\nWhen in a golden age, culture and production generation increases +20%,\n  and every tile already providing at least one gold will provide an extra gold."
    ]
  },

  {
    "name": "Roads and Railroads",
    "steps": [
      "Connecting your cities to the capital by roads\n  will generate gold via the trade route.\nNote that each road costs 1 gold Maintenance per turn, and each Railroad costs 2 gold,\n  so it may be more economical to wait until the cities grow!"
    ]
  },
  {
    "name": "Victory Types",
    "steps": [
      "Once you’ve settled your first two or three cities you’re probably 100 to 150 turns into the game.\nNow is a good time to start thinking about how, exactly, you want to win – if you haven’t already.",
      "There are four ways to win in Unciv. They are:\n - Cultural Victory: Complete 5 Social Policy Trees and build the Utopia Project\n - Domination Victory: Survive as the last civilization\n - Science Victory: Be the first to construct a spaceship to Alpha Centauri\n - Diplomatic Victory: Build the United Nations and win the vote",
      "So to sum it up, these are the basics of Unciv – Found a prosperous first city, expand slowly to manage happiness, and set yourself up for the victory condition you wish to pursue.\nObviously, there is much more to it than that, but it is important not to jump into the deep end before you know how to swim."
    ]
  },
  {
    "name": "Enemy City",
    "steps": [
      "Cities can be conquered by reducing their health to 1, and entering the city with a melee unit.\nSince cities heal each turn, it is best to attack with ranged units and use your melee units to defend them until the city has been defeated!"
    ]
  },
  {
    "name": "Luxury Resource",
    "steps": [
      "Luxury resources within your domain and with their specific improvement are connected to your trade network.\nEach unique Luxury resource you have adds 5 happiness to your civilization, but extra resources of the same type don't add anything, so use them for trading with other civilizations!"
    ]
  },
  {
    "name": "Strategic Resource",
    "steps": [
      "Strategic resources within your domain and with their specific improvement are connected to your trade network.\nStrategic resources allow you to train units and construct buildings that require those specific resources, for example the Horseman requires Horses.",
	  "Unlike Luxury Resources, each Strategic Resource on the map provides more than one of that resource.\nThe top bar keeps count of how many unused strategic resources you own.\nA full drilldown of resources is available in the Resources tab in the Overview screen."
    ]
  },
  {
    "name": "EnemyCityNeedsConqueringWithMeleeUnit",
    "steps": [
      "The city can no longer put up any resistance!\nHowever, to conquer it, you must enter the city with a melee unit"
    ],
    "uniques": ["Will not be displayed in Civilopedia"]
  },
  {
    "name": "After Conquering",
    "steps": [
      "When conquering a city, you can choose to liberate, annex, puppet, or raze the city.",
      "\nLiberating the city will return it to its original owner, giving you a massive diplomatic boost with them!\n\nAnnexing the city will give you full control over it, but also increase the citizens' unhappiness to 2x!\nThis can be mitigated by building a courthouse in the city, returning the citizen's unhappiness to normal.\n\nPuppeting the city will mean that you have no control on the city's production.\nThe city will not increase your tech or policy cost.\nA puppeted city can be annexed at any time, but annexed cities cannot be returned to a puppeted state!\n\nRazing the city will lower its population by 1 each turn until the city is destroyed!\nYou cannot raze a city that is either the starting capital of a civilization or the holy city of a religion."
    ]
  },
  {
    "name": "BarbarianEncountered",
    "steps": [
      "You have encountered a barbarian unit!\nBarbarians attack everyone indiscriminately, so don't let your \n  civilian units go near them, and be careful of your scout!"
    ],
    "uniques": ["Will not be displayed in Civilopedia"]
  },
  {
    "name": "OtherCivEncountered",
    "steps": [
      "You have encountered another civilization!\nOther civilizations start out peaceful, and you can trade with them,\n  but they may choose to declare war on you later on"
    ],
    "uniques": ["Will not be displayed in Civilopedia"]
  },
  {
    "name": "Apollo Program",
    "steps": [
      "Once you have completed the Apollo Program, you can start constructing spaceship parts in your cities\n (with the relevant technologies) to win a Scientific Victory!"
    ]
  },
  {
    "name": "Injured Units",
    "steps": [
      "Injured units deal less damage, but recover after turns that they have been inactive.\nUnits heal 10 health per turn in enemy territory or neutral land,\n  20 inside your territory and 25 in your cities."
    ]
  },
  {
    "name": "Workers",
    "steps": [
      "Workers are vital to your cities' growth, since only they can construct improvements on tiles.\nImprovements raise the yield of your tiles, allowing your city to produce more and grow faster while working the same amount of tiles!"
    ]
  },
  {
    "name": "Siege Units",
    "steps": [
      "Siege units are extremely powerful against cities, but need to be Set Up before they can attack.\nOnce your siege unit is set up, it can attack from the current tile,\n  but once moved to another tile, it will need to be set up again."
    ]
  },
  {
    "name": "Embarking",
    "steps": [
      "Once a certain tech is researched, your land units can embark, allowing them to traverse water tiles.\nEntering or leaving water takes the entire turn.",
      "Units are defenseless while embarked (cannot use modifiers), and have a fixed Defending Strength based on your tech Era, so be careful!\nRanged Units can't attack, Melee Units have a Strength penalty, and all have limited vision."
    ]
  },
  {
    "name": "Idle Units",
    "steps": [
      "If you don't want to move a unit this turn, you can skip it by clicking 'Next unit' again.\nIf you won't be moving it for a while, you can have the unit enter Fortify or Sleep mode - \n  units in Fortify or Sleep are not considered idle units.\nIf you have not decided yet what an unit should do for the current turn, choose the 'Wait' command. A 'waiting' unit will be selected again at the end of the 'Next Unit' cycle, once all other units have received their orders.\nIf you want to disable the 'Next unit' feature entirely, you can toggle it in Menu -> Check for idle units."
    ]
  },
  {
    "name": "Contact Me",
    "steps": [
      "Hi there! If you've played this far, you've probably seen that the game is currently incomplete.\n Unciv is meant to be open-source and free, forever.\n That means no ads or any other nonsense.",
      "What motivates me to keep working on it, \n  besides the fact I think it's amazingly cool that I can,\n  is the support from the players - you guys are the best!",
      "Every rating and review that I get puts a smile on my face =)\n  So contact me! Send me an email, review, Github issue\n  or mail pigeon, and let's figure out how to make the game \n  even more awesome!\n(Contact info is in the Play Store)"
    ]
  },
  {
    "name": "Pillaging",
    "steps": [
      "Military units can pillage improvements, which heals them 25 health and ruins the improvement.\nThe tile can still be worked, but advantages from the improvement - stat bonuses and resources - will be lost.\nWorkers can repair these improvements, which takes less time than building the improvement from scratch.\nPillaging certain improvements will result in your units looting gold from the improvement."
    ]
  },
  {
    "name": "Experience",
    "steps": [
	"Units that enter combat gain experience, which can then be used on promotions for that unit.\nUnits gain more experience when in Melee combat than Ranged, and more when attacking than when defending.",
	"Units can only gain up to 30 XP from Barbarian units - meaning up to 2 promotions. After that, Barbarian units will provide no experience."
    ]
  },
  {
    "name": "Combat",
    "steps": [
	"Unit and cities are worn down by combat, which is affected by a number of different values.\nEach unit has a certain 'base' combat value, which can be improved by certain conditions, promotions and locations.",
	"Units use the 'Strength' value as the base combat value when melee attacking and when defending.\nWhen using a ranged attack, they will the use the 'Ranged Strength' value instead.",
	"Ranged attacks can be done from a distance, dependent on the 'Range' value of the unit.\nWhile melee attacks allow the defender to damage the attacker in retaliation, ranged attacks do not."
    ]
  },
  {
    "name": "Research Agreements",
    "steps": [
	"In research agreements, you and another civilization decide to jointly research technology.\nAt the end of the agreement, you will both receive a 'lump sum' of Science, which will go towards one of your unresearched technologies.",
	"The amount of ⍾Science you receive at the end is dependent on the ⍾Science generated by your cities and the other civilization's cities during the agreement - the more, the better!"
    ]
  },
  {
    "name": "City-States",
    "steps": [
	"Not all nations are contending with you for victory.\nCity-States are nations that can't win, can't be traded with, and instead confer certain bonuses to friendly civilizations.",
	"Instead, diplomatic relations with City-States are determined by Influence - a meter of 'how much the City-State likes you'.\nInfluence can be increased by attacking their enemies, liberating their city, and giving them sums of gold.",
	"Certain bonuses are given when you are at above 30 influence.\nWhen you have above 60 Influence, and you have the highest influence with them of all civilizations, you are considered their 'Ally', and gain further bonuses and access to the Luxury and Strategic resources in their lands."
    ]
  },
  {
    "name": "Great People",
    "steps": [
	"Certain buildings, and specialists in cities, generate Great Person points per turn.\nThere are several types of Great People, and their points accumulate separately.\nThe number of points per turn and accumulated points can be viewed in the Overview screen.",
	"Once enough points have been accumulated, a Great Person of that type will be created!\nEach Great Person can construct a certain Great Improvement which gives large yields over time, or immediately consumed to provide a certain bonus now.",
	"Great Improvements also provide any strategic resources that are under them, so you don't need to worry if resources are revealed underneath your improvements!"
    ]
  },
  {
    "name": "Removing Terrain Features",
    "steps": [
	"Certain tiles have terrain features - like Flood plains or Forests -  on top of them. Some of these layers, like Jungle, Marsh and Forest, can be removed by workers.\nRemoving the terrain feature does not remove any resources in the tile, and is usually required in order to add improvements exploiting those resources."
    ]
  },
  {
    "name": "Natural Wonders",
    "steps": [
    "Natural Wonders, such as the Mt. Fuji, the Rock of Gibraltar and the Great Barrier Reef, are unique, impassable terrain features, masterpieces of mother Nature, which possess exceptional qualities that make them very different from the average terrain.\nThey benefit by giving you large sums of Culture, Science, Gold or Production if worked by your Cities, which is why you might need to bring them under your empire as soon as possible."
    ]
  },
  {
    "name": "Keyboard",
    "steps": [
    "If you have a keyboard, some shortcut keys become available. Unit command or improvement picker keys, for example, are shown directly in their corresponding buttons.",
    "On the world screen the hotkeys are as follows:", "Space or 'N' - Next unit or turn\n'E' - Empire overview (last viewed page)\n'+', '-' - Zoom in / out\nHome - center on capital or open its city screen if already centered",
    "F1 - Open Civilopedia\nF2 - Empire overview Trades\nF3 - Empire overview Units\nF4 - Empire overview Diplomacy\nF5 - Social policies\nF6 - Technologies\nF7 - Empire overview Cities\nF8 - Victory Progress\nF9 - Empire overview Stats\nF10 - Empire overview Resources\nF11 - Quicksave\nF12 - Quickload",
    "Ctrl-R - Toggle tile resource display\nCtrl-Y - Toggle tile yield display\nCtrl-O - Game options\nCtrl-S - Save game\nCtrl-L - Load game\nCtrl-U - Toggle UI (World Screen only)"
    ]
  },
  {
    "name": "World Screen",
    "steps": [
    "",
    "This is where you spend most of your time playing Unciv. See the world, control your units, access other screens from here.",
    "",
    "①: The menu button - civilopedia, save, load, options...",
    "②: The player/nation whose turn it is - click for diplomacy overview.",
    "③: The Technology Button - shows the tech tree which allows viewing or researching technologies.",
    "④: The Social Policies Button - shows enacted and selectable policies, and with enough culture points you can enact new ones.",
    "⑤: The Diplomacy Button - shows the diplomacy manager where you can talk to other civilizations.",
    "⑥: Unit Action Buttons - while a unit is selected its possible actions appear here.",
    "⑦: The unit/city info pane - shows information about a selected unit or city.",
    "⑧: The name (and unit icon) of the selected unit or city, with current health if wounded. Clicking a unit name or icon will open its civilopedia entry.",
    "⑨: The arrow buttons allow jumping to the next/previous unit.",
    "⑩: For a selected unit, its promotions appear here, and clicking leads to the promotions screen for that unit.",
    "⑪: Remaining/per turn movement points, strength and experience / XP needed for promotion. For cities, you get its combat strength.",
    "⑫: This button closes the selected unit/city info pane.",
    "⑬: This pane appears when you order a unit to attack an enemy. On top are attacker and defender with their respective base strengths.",
    "⑭: Below that are strength bonuses or penalties and health bars projecting before / after the attack.",
    "⑮: The Attack Button - let blood flow!",
    "⑯: The minimap shows an overview over the world, with known cities, terrain and fog of war. Clicking will position the main map.",
    "⑰: To the side of the minimap are display feature toggling buttons - tile yield, worked indicator, show/hide resources. These mirror setting on the options screen and are hidden if you deactivate the minimap.",
    "⑱: Tile information for the selected hex - current or potential yield, terrain, effects, present units, city located there and such. Where appropriate, clicking a line opens the corresponding civilopedia entry.",
    "⑲: Notifications - what happened during the last 'next turn' phase. Some are clickable to show a relevant place on the map, some even show several when you click repeatedly.",
    "⑳: The Next Turn Button - unless there are things to do, in which case the label changes to 'next unit', 'pick policy' and so on.",
    "㉑: The Multiplayer Button - Here you can easily check your active multiplayer games.",
    "ⓐ: The overview button leads to the empire overview screen with various tabs (the last one viewed is remembered) holding vital information about the state of your civilization in the world.",
    "ⓑ: The ♪Culture icon shows accumulated ♪Culture and ♪Culture needed for the next policy - in this case, the exclamation mark tells us a next policy can be enacted. Clicking is another way to the policies manager.",
    "ⓒ: Your known strategic resources are displayed here with the available (usage already deducted) number - click to go to the resources overview screen.",
    "ⓓ: Happiness/unhappiness balance and either golden age with turns left or accumulated happiness with amount needed for a golden age is shown next to the smiley. Clicking also leads to the resources overview screen as luxury resources are a way to improve happiness.",
    "ⓔ: The ⍾Science icon shows the number of ⍾Science points produced per turn. Clicking leads to the technology tree.",
    "ⓕ: Number of turns played with translation into calendar years. Click to see the victory overview.",
    "ⓖ: The number of gold coins in your treasury and income. Clicks lead to the Stats overview screen.",
    "ⓗ: The quantity of ☮Faith your citizens have generated, or 'off' if religion is disabled. Clicking it makes you go to the religion overview screen.",
    "ⓧ: In the center of all this - the world map! Here, the \"X\" marks a spot outside the map. Yes, unless the wrap option was used, Unciv worlds are flat. Don't worry, your ships won't fall off the edge.",
    "ⓨ: By the way, here's how an empire border looks like - it's in the national colours of the nation owning the territory.",
    "ⓩ: And this is the red targeting circle that led to the attack pane back under ⑬.",
    "What you don't see: The phone/tablet's back button will pop the question whether you wish to leave Unciv and go back to Real Life. On desktop versions, you can use the ESC key."
    ]
  },
  {
    "name": "Faith",
    "steps": [
        "After building a shrine, your civilization will start generating ☮Faith.",
        "When enough ☮Faith has been generated, you will be able to found a pantheon.",
        "A pantheon will provide a small bonus for your civilization that will apply to all cities that have it as a majority religion.",
        "Each civilization can only choose a single pantheon belief, and each pantheon can only be chosen once.",
        "Generating more ☮Faith will allow you to found a religion."
      ]
  },
  {
    "name": "Religion",
    "steps": [
        "Keep generating ☮Faith, and eventually a great prophet will be born in one of your cities.",
        "This great prophet can be used for multiple things: Constructing a holy site, founding a religion and spreading your religion.",
        "When founding your religion, you may choose another two beliefs. The founder belief will only apply to you, while the follower belief will apply to all cities following your religion.",
        "Additionally, the city where you used your great prophet will become the holy city of that religion.",
        "Once you have founded a religion, great prophets will keep being born every so often, though the amount of Faith☮ you have to save up will be higher.",
        "One of these great prophets can then be used to enhance your religion.",
        "This will allow you to choose another follower belief, as well as an enhancer belief, that only applies to you.",
        "Do take care founding a religion soon, only about half the players in the game are able to found a religion!"
      ]
  },
  {
    "name": "Beliefs",
    "steps": [
        "There are four types of beliefs: Pantheon, Founder, Follower and Enhancer beliefs.",
        "Pantheon and Follower beliefs apply to each city following your religion, while Founder and Enhancer beliefs only apply to the founder of a religion."
      ]
  },
  {
    "name": "Religion inside cities",
    "steps": [
        "When founding a city, it won't follow a religion immediately.",
        "The religion a city follows depends on the total pressure each religion has within the city.",
        "Followers are allocated in the same proportions as these pressures, and these followers can be viewed in the city screen.",
        "You are allowed to check religious followers and pressures in cities you do not own by selecting them.",
        "In both places, a tap/click on the icon of a religion will show detailed information with its effects.",
        "Based on this, you can get a feel for which religions have a lot of pressure built up in the city, and which have almost none.",
        "The city follows a religion if a majority of its population follows that religion, and will only then receive the effects of Follower and Pantheon beliefs of that religion."
      ]
  },
  {
    "name": "Spreading Religion",
    "steps": [
        "Spreading religion happens naturally, but can be sped up using missionaries or great prophets.",
        "Missionaries can be bought in cities following a major religion, and will take the religion of that city.",
        "So do take care where you are buying them! If another civilization has converted one of your cities to their religion, missionaries bought there will follow their religion.",
        "Great prophets always have your religion when they appear, even if they are bought in cities following other religions, but captured great prophets do retain their original religion.",
        "Both great prophets and missionaries are able to spread religion to cities when they are inside its borders, even cities of other civilizations.",
        "These two units can even enter tiles of civilizations with whom you don't have an open borders agreement!",
        "But do take care, missionaries will lose 250 religious strength each turn they end while in foreign lands.",
        "This diminishes their effectiveness when spreading religion, and if their religious strength ever reaches 0, they have lost their faith and disappear.",
        "When you do spread your religion, the religious strength of the unit is added as pressure for that religion.",
        "",
        "Cities also passively add pressure of their majority religion to nearby cities.",
        "Each city provides +6 pressure per turn to all cities within 10 tiles, though the exact amount of pressure depends on the game speed.",
        "This pressure can also be seen in the city screen, and gives you an idea of how religions in your cities will evolve if you don't do anything.",
        "Holy cities also provide +30 pressure of the religion founded there to themselves, making it very difficult to effectively convert a holy city.",
        "Lastly, before founding a religion, new cities you settle will start with 200 pressure for your pantheon.",
        "This way, all your cities will starting following your pantheon as long as you haven't founded a religion yet."
      ]
  },
  {
    "name": "Inquisitors",
    "steps": [
        "Inquisitors are the last religious unit, and their strength is removing other religions.",
        "They can remove all other religions from one of your own cities, removing any pressures built up.",
        "Great prophets also have this ability, and remove all other religions in the city when spreading their religion.",
        "Often this results in the city immediately converting to their religion",
        "Additionally, when an inquisitor is stationed in or directly next to a city center, units of other religions cannot spread their faith there, though natural spread is uneffected."
      ]
  },
  {
    "name": "Maya Long Count calendar cycle",
    "steps": [
      "The Mayan unique ability, 'The Long Count', comes with a side effect:",
      "Once active, the game's year display will use mayan notation.",
      "",
      "The Maya measured time in days from what we would call 11th of August, 3114 BCE. A day is called K'in, 20 days are a Winal, 18 Winals are a Tun, 20 Tuns are a K'atun, 20 K'atuns are a B'ak'tun, 20 B'ak'tuns a Piktun, and so on.",
      "Unciv only displays ය B'ak'tuns, ඹ K'atuns and ම Tuns (from left to right) since that is enough to approximate gregorian calendar years. The Maya numerals are pretty obvious to understand. Have fun deciphering them!"
      ]
  },
  {
    "name": "We Love The King Day",
    "steps": [
        "Your cities will periodically demand different luxury goods to satisfy their desire for new things in life.",
        "If you manage to acquire the demanded luxury by trade, expansion, or conquest, the city will celebrate We Love The King Day for 20 turns.",
        "During the We Love The King Day, the city will grow 25% faster.",
        "This means exploration and trade is important to grow your cities!"
    ]
  },
  {
    "name": "Air Sweeps",
    "steps": [
        "Fighter units are able to perform Air Sweeps over a tile helping clear out potential enemy Air, Sea, or Land Interceptions that can reach that tile.",
        "While this Action will take an Attack, the benefit is drawing out Interceptions to help protect your other Air Units. Especially your Bombers.",
        "Your unit will always draw an Interception, if one can reach the target tile, even if the Intercepting unit has a chance to miss.",
        "If the Interceptor is not an Air Unit (eg Land or Sea), the Air Sweeping unit and Interceptor take no damage!",
        "If the Interceptor is an Air Unit, the two units will damage each other in a straight fight with no Interception bonuses. And only the Attacking Air Sweep Unit gets any Air Sweep strength bonuses."
    ]
  },
  {
    "name": "City Tile Blockade",
    "steps": [
        "One of your tiles is blocked by an enemy: when an enemy unit stands on a tile you own, the tile will not produce yields and cannot be worked by a city this turn. City will reallocate population from a blocked tile automatically.",
        "Enemy military land units block tiles they are standing on. Enemy military naval units additionally block adjacent water tiles. To protect your tiles from blockade, place a friendly military unit on it or fight off invaders."
    ]
  },
  {
    "name": "City Blockade",
    "steps": [
        "One of your cities is under a naval blockade! When all adjacent water tiles of a coastal city are blocked - city loses harbor connection to all other cities, including capital. Make sure to de-blockade cities by deploying friendly military naval units to fight off invaders."
    ]
  },
    {
        "name": "Keyboard Bindings",
        "civilopediaText": [
            {"text":"Limitations","header":3},
            {"text":"This is a work in progress.","color":"#b22222","starred":true},
            {"text":"For technical reasons, only direct keys or Ctrl-Letter combinations can be used.","starred":true},
            {"text":"The Escape key is intentionally excluded from being reassigned.","starred":true},
            {"text":"Currently, there are no checks to prevent conflicting assignments.","starred":true},
            {},
            {"text":"Using the Keys page","header":3},
            {"text":"Each binding has a button with an image looking like this:"},
            {"extraImage":"OtherIcons/Keyboard","imageSize":36},
            {"text":"While hovering the mouse over the key button, you can press a desired key directly to assign it."},
            {"text":"Double-click the image to reset the binding to default."},
            {},
            {"text":"Bindings mapped to their default keys are displayed in gray, those reassigned by you in white."},
            {},
            {"text":"For discussion about missing entries, see the linked github issue.","link":"https://github.com/yairm210/Unciv/issues/8862"}
        ]
        // "uniques": ["Will not be displayed in Civilopedia"] // would prevent use for help link
    },
    {
        "name": "Civilopedia",
        "civilopediaText": [
            {"text":"Welcome to the Civilopedia!","header":4,"color": "#fa0"},
            {"text":"Here you can find information - general help, rules, and what makes up the game world."},
            {},
            {"text":"How to find information","header":4},
            {"text":"Select categories with the buttons on top of the screen. Also up there is the button to leave Civilopedia and go back to where you were before.","starred":true,"color":"#666"},
            {"text":"Each category has a list of entries on the left of the screen, sorted alphabetically (with few exceptions). Clicking an entry will update the center pane were you are currently reading this.","starred":true,"color":"#666"},
            {"text":"Lines can link to other Civilopedia entries, they are marked with a chain link symbol like this one. You can click anywhere on the line to follow the link.", "link":"Tutorial/Introduction"},
            {"text":"The current category is special - all articles on general concepts are here. It is called 'Tutorials' because you can revisit these here, too.","starred":true,"color":"#666"},
            {},
            {"text":"What information can I find","header":4},
            {"text":"The data shown is not dependent on your current game's situation, e.g. bonuses for the nation you are playing or difficulty modifiers will not affect the numbers."},
            {"text":"However, it will reflect the mods you are playing! The combination of base ruleset and extension mods you select define the rules of a game, what objects exist and how they interact, and the Civilopedia mirrors these rules."},
            {"text":"If you opened the Civilopedia from the main menu, the \"Ruleset\" will be that of the last game you started."},
            {},
            {"text":"Keyboard","header":4},
            {"text":"Letters can select categories, and when there are multiple categories matching the same letter, you can press that repeatedly to cycle between these.","starred":true,"color":"#666"},
            {"text":"The arrow keys allow navigation as well - left/right for categories, up/down for entries.","starred":true,"color":"#666"}
        ]
    }
]
